Total,Batteries,Biogas,Biomass,Coal,Geothermal,Imports,Large Hydro,Gas,Nuclear,Other,Small Hydro,Solar,Wind
24042.586,-259.6116,178.94783,260.70724,-0.055072464,767.3797,5371.287,3071.4116,9545.278,1882.4753,0,264.25797,0.72753626,2959.7798
24186.475,228.53044,179.02899,260.8087,-0.023188407,767.71014,5244.4756,2961.0552,9443.278,1882.229,0,264.0348,0.76811594,2954.5796
24223.762,439.72174,178.92754,260.07245,-0.07536232,767.7913,5194.067,2922.2522,9365.89,1881.9391,0,263.24637,0.7014493,2949.229
24120.283,393.51593,178.85797,259.84927,-0.08695652,767.86084,5191.7393,2909.8523,9331.458,1881.826,0,262.5884,0.5072464,2942.316
24069.148,321.08405,178.90144,259.7971,-0.089855075,767.8551,5261.2407,2904.426,9294.858,1881.6261,0,262.49277,0.5072464,2936.4492
23961.262,255.68695,178.92174,259.54782,-0.10724638,767.87244,5276.026,2884.797,9263.339,1881.5768,0,262.5797,0.6637681,2930.3564
23856.795,171.08696,178.85797,259.46957,-0.11304348,767.7884,5300.371,2872.2058,9237.945,1881.3942,0,262.4145,0.87246376,2924.5015
23755.768,100.57391,178.92464,259.6203,-0.11014493,767.86084,5314.7827,2865.2898,9205.521,1881.2377,0,262.28696,0.84637684,2918.9333
23663.88,36.588406,178.90434,259.48117,-0.12753624,767.9014,5333.371,2857.6057,9170.5625,1881.0841,0,262.28986,0.43768117,2915.7827
23557.193,-30.605797,178.94493,259.48987,-0.11014493,767.89276,5338.084,2849.8958,9138.035,1880.9072,0,262.23187,-0.10144927,2912.5305
23459.486,-87.46377,178.93623,259.5942,-0.11014493,767.96234,5340.464,2843.458,9103.159,1880.7594,0,262.31595,-0.35652173,2910.768
23359.908,-128.55942,179.0203,259.72174,-0.09855072,767.88403,5341.023,2830.4028,9061.605,1880.5913,0,262.28406,-0.6086956,2906.6406
23263.059,-137.47536,179.10724,259.92175,-0.09565217,768.0348,5332.1274,2809.0173,9009.557,1880.484,0,262.21448,-0.82608694,2900.9912
23211.139,-81.4058,179.06377,260.29565,-0.072463766,768.1652,5298.1133,2783.8203,8965.107,1880.1942,0,262.28406,-1.0927536,2896.6667
23160.154,-71.73913,179.04927,260.05798,-0.08695652,768.25507,5304.4897,2768.7651,8920.125,1879.9827,0,262.5768,-1.3275362,2890.0059
23072.379,-89.71884,179.05217,259.89856,-0.089855075,768.29565,5289.939,2759.0637,8881.125,1879.7362,0,262.47247,-1.4985508,2884.1042
22987.395,-124.78841,179.0232,259.84058,-0.10724638,768.26086,5301.3247,2749.6174,8835.049,1879.4985,0,262.24347,-1.6405797,2879.0725
22903.299,-156.46378,179,259.68695,-0.09855072,768.2261,5315.075,2727.5188,8797.692,1879.5913,0,262.21448,-1.5652174,2872.4204
22820.318,-202.2058,178.9884,259.35364,-0.09855072,768.3942,5320.62,2714.6956,8772.733,1879.4232,0,262.16812,-1.3681159,2867.6145
22742.705,-239.12463,179,259.46667,-0.08115942,768.4783,5324.5684,2707.4666,8742.072,1879.2754,0,262.08984,-1.3623189,2860.855
22666.814,-276.24347,178.94783,259.4,-0.07536232,768.54205,5325.6606,2700.6782,8713.479,1879.1392,0,262.09564,-1.3304348,2856.5217
22592.61,-305.22028,178.93623,259.74203,-0.072463766,768.66376,5317.522,2694.7073,8688.872,1878.9797,0,262.0493,-1.3536232,2849.7827
22515.148,-331.32755,178.96811,259.86957,-0.07536232,768.742,5311.3394,2689.7043,8655.128,1878.687,0,262.08694,-1.4202899,2843.4463
22440.813,-350.14783,179.0058,260.029,-0.09275363,768.7739,5309.7393,2679.3594,8617.617,1878.516,0,262.10144,-1.3797102,2837.2898
22378.477,-355.0465,179.02036,259.99127,-0.09883721,768.8023,5303.1396,2660.3577,8587.587,1877.2296,0,262.06396,-1.2761627,2836.7063
22349.764,-325.875,178.98546,260.43314,-0.049418606,768.86334,5277.8516,2650.0203,8568.959,1876.7267,0,262.09302,-1.4476744,2833.2034
22307.736,-320.59302,178.94476,260.2471,-0.05232558,768.782,5265.814,2643.1948,8545.235,1876.5116,0,262.3343,-1.6889535,2829.0059
22249.043,-332.97385,178.96802,260.19186,-0.08139535,768.8692,5248.753,2640.032,8526.107,1876.2441,0,262.2529,-1.9970931,2822.6772
22184.023,-352.05814,178.96802,260.18896,-0.09593023,768.85175,5246.9707,2636.4739,8491.898,1876.25,0,262.10464,-2.0755813,2816.5466
22123.803,-362.9244,179.02036,260.11337,-0.08139535,768.875,5252.4736,2619.4739,8460.637,1876.3837,0,262.13663,-2.0610466,2809.7559
22064.025,-383.72964,178.98546,260.0756,-0.09593023,768.8401,5249.756,2608.9941,8442.928,1876.279,0,262.09885,-2.110465,2802.0059
22007.852,-399.25873,179,260.21512,-0.072674416,768.9012,5246.759,2602.7034,8420.265,1876.1425,0,262.03778,-2.2412791,2793.4011
21965.361,-410.06998,179.06122,260.41107,-0.07580175,768.95337,5238.6475,2598.341,8398.551,1879.172,0,262.3032,-2.329446,2792.3965
21912.91,-425.05832,179.10204,260.31195,-0.072886296,769.01166,5229.4287,2593.554,8382.837,1878.9941,0,262.22742,-2.7259476,2785.3003
21861.213,-436.91837,179.10495,260.53644,-0.07580175,768.9971,5225.656,2587.624,8359.875,1878.6705,0,262.20407,-2.9358602,2778.475
21815.965,-437.38776,179.10495,260.6064,-0.08454811,768.99414,5217.8135,2580.6619,8337.912,1878.5365,0,262.2478,-3.0641398,2770.624
21759.71,-432.52463,179.08116,260.65216,-0.08405797,769.0464,5202.545,2569.423,8323.794,1875.9943,0,262.06378,-3.3623188,2753.081
21754.064,-410.82898,179.05507,260.9971,-0.055072464,769.229,5181.745,2577.116,8316.084,1875.8,0,262.09274,-3.6086957,2746.4377
21750.574,-393.81448,178.93333,260.65506,-0.069565214,769.0754,5174.522,2576,8310.791,1875.4232,0,262.26666,-3.837681,2740.629
21720.803,-386.35074,178.92174,260.66666,-0.07826087,769.1652,5151.597,2573.971,8304.417,1875.287,0,262.24347,-4.1391306,2735.1016
21690.941,-386.55072,178.90144,260.82608,-0.07536232,769.1681,5141.467,2570.145,8297.197,1875.2231,0,262.15652,-4.55942,2727.0435
21655.604,-379.32755,178.90434,260.9913,-0.08115942,769.30145,5129.533,2556.0232,8288.42,1875.1449,0,262.12173,-4.8,2719.371
21624.809,-383.86957,178.95943,261.0029,-0.089855075,769.2927,5118.151,2549.5073,8288.227,1875.0928,0,262.07535,-5.098551,2711.5593
21602.115,-389.6406,178.9971,261.24927,-0.08115942,769.43475,5107.2173,2551.258,8288.623,1875.113,0,262.07825,-5.368116,2703.2349
21581.127,-384.9652,178.9913,261.44348,-0.07536232,769.4145,5095.5884,2551.3362,8284.577,1874.9797,0,262.13623,-5.5681157,2693.2695
21556.918,-382.2,178.9913,261.32175,-0.072463766,769.4377,5082.238,2550.1536,8283.47,1874.9711,0,262.13043,-5.768116,2682.2463
21535.861,-378.9768,178.95073,261.51883,-0.08405797,769.2927,5072.991,2550.4116,8278.742,1874.8406,0,262.0493,-5.973913,2672.0986
21521.621,-362.3681,178.91884,261.6232,-0.07536232,768.913,5057.3306,2551.3218,8271.565,1874.8667,0,262.07825,-6.208696,2663.655
21517.145,-346.30725,178.90434,261.6232,-0.09855072,768.5942,5053.452,2554.9102,8262.395,1874.6812,0,262.0348,-6.556522,2653.513
21574.188,-307.52173,178.86957,262.46088,-0.055072464,768.6174,5074.939,2586.2117,8236.122,1874.5536,0,261.9623,-6.863768,2644.8928
21626.02,-258.46378,178.7855,262.5826,-0.060869563,768.4145,5083.4756,2608.0464,8218.533,1874.313,0,262.429,-7.423188,2635.3884
21640.688,-222.96233,178.8087,262.44928,-0.07536232,768.3391,5062.536,2613.7305,8223.209,1874.3102,0,262.6348,-7.614493,2625.3218
21653.125,-198.47246,178.73334,262.52753,-0.08115942,768.2754,5037.9507,2622.8406,8237.945,1874.3159,0,262.6087,-7.8289857,2614.31
21652.992,-180.95363,178.69855,262.4145,-0.08695652,768.37683,5020.5625,2613.3682,8259.682,1874.4812,0,262.65216,-8.052174,2601.8494
21654.277,-156.7855,178.6,262.28406,-0.08695652,768.4609,4988.4697,2609.2202,8286.15,1874.5188,0,262.6029,-8.304348,2589.1477
21679.78,-127.96812,178.58551,262.55652,-0.07826087,768.48114,4959.687,2616.9856,8315.974,1874.4608,0,262.5739,-8.611594,2577.1333
21707.09,-88.45217,178.58551,262.34784,-0.07826087,768.2348,4925.2983,2624.7131,8341.866,1874.3798,0,262.77393,-9.049275,2566.4695
21723.953,-55.83768,178.55942,262.34494,-0.07826087,768.1652,4884.7334,2628.342,8372.742,1874.3884,0,262.8087,-9.42029,2557.2058
21749.744,-31.173914,178.72174,262.429,-0.09855072,768.05505,4857.8784,2634.9246,8401.507,1874.2493,0,262.66086,-9.573913,2550.1653
21781.58,9.701449,178.64058,262.82608,-0.10144927,767.1623,4867.5854,2600.6406,8424.982,1874.2203,0,262.78262,-9.510145,2542.6492
21831.953,64.91594,178.49855,263.23187,-0.09855072,766.57104,4957.91,2495.461,8443.968,1874.1217,0,262.9768,-9.330435,2533.7275
21986.545,168.08986,178.36812,264.30145,-0.06376812,766.7942,5011.151,2508.9595,8432.742,1874.284,0,264.55942,-9.136231,2526.4956
22122.773,256.74203,178.26956,264.9623,-0.04927536,766.8174,5044.4233,2551.3796,8408.809,1874.0869,0,269.6058,-9.234782,2516.9624
22188.484,331.91885,178.16812,265.32465,-0.057971016,766.92175,5017.058,2557.542,8429.281,1874.1478,0,270.87247,-9.507246,2506.8145
22255.863,399.44186,178.26744,266.11917,-0.058139537,767.0058,4966.2324,2568.6628,8467.715,1878.2733,0,271.2471,-9.781977,2502.7383
22302.75,418.2965,178.14825,266.38083,-0.06686047,767.06396,4953.1367,2570.3022,8517.663,1878.3895,0,271.21802,-9.968023,2492.186
22346.066,459.2994,178.17151,266.11627,-0.06686047,766.93317,4911.3315,2573.433,8568.518,1878.4419,0,271.22385,-10.011628,2482.6772
22433.445,519.1686,178.0843,266.30524,-0.06104651,767.19476,4885.2207,2587.029,8618.581,1878.6221,0,271.05234,-9.322675,2471.5698
22511.895,590.61334,178.09302,266.31686,-0.06686047,767.1657,4850.881,2600.718,8655.872,1878.6395,0,271.23254,-7.104651,2459.535
22560.553,664.9971,178.05524,266.53198,-0.06395349,766.95056,4790.8984,2604.2937,8693.474,1878.8169,0,271.28488,-1.5436046,2446.8577
22616.684,715.06104,177.94186,266.93314,-0.09593023,766.85175,4749.7354,2613.5232,8732.273,1879.0901,0,271.2035,10.744186,2433.4216
22681.4,763.11334,177.77907,268.38373,-0.10174418,766.80817,4713.8433,2619.471,8768.828,1879.2936,0,271.26453,32.438953,2420.279
22773.426,819.75653,177.61159,270.72464,-0.12753624,766.5971,4691.0435,2622.7102,8809.589,1875.1478,0,270.88986,68.04058,2401.4434
23040.693,966.4174,177.39131,273.26376,-0.060869563,767.01447,4694,2669.4204,8830.89,1875.1449,0,270.90146,126.655075,2389.655
23249.629,1132.1014,177.31885,273.7942,-0.08115942,766.88116,4629.313,2707.2349,8830.275,1875.0087,0,272.52753,205.5971,2379.658
23347.705,1218.1942,177.13623,273.73914,-0.104347825,766.742,4527.4116,2715.3071,8847.823,1875.2377,0,272.44638,306.7971,2366.9739
23443.383,1227.2441,177.13663,274.36337,-0.113372095,766.82556,4461.1455,2717.2646,8872.431,1879.7616,0,272.5436,433.71802,2361.064
23520.684,1163.7384,177.06395,274.51163,-0.13081396,766.7151,4448.1714,2706.6309,8897.857,1880.218,0,272.46802,587.2878,2346.1511
23581.492,1104.5406,177.03198,274.4593,-0.13372093,766.3227,4400.1714,2696.5088,8905.526,1880.3605,0,272.39825,773.3663,2330.939
23669.236,1045.4855,176.99127,274.6744,-0.13081396,766.19183,4351.9624,2698.0232,8897.575,1880.5524,0,272.27615,993.7645,2311.8691
23756.855,978.7878,176.93605,274.48547,-0.13372093,766.1163,4295.384,2696.372,8875.529,1880.5261,0,272.3343,1246.9739,2293.5437
23812.018,882.4128,176.84012,274.44476,-0.15406977,765.98834,4220.5176,2681.8838,8846.916,1880.6395,0,272.43024,1536.846,2273.253
23882.717,775.7143,176.89214,274.66473,-0.1516035,765.56854,4157.376,2668.8748,8817.32,1879.4869,0,272.17786,1850.1312,2244.6619
23932.84,664.0233,176.71428,274.6793,-0.13702624,765.6472,4059.172,2640.9155,8765.137,1879.6472,0,272.0758,2212.793,2222.172
23990.918,617.2232,176.53912,274.52753,-0.12463768,765.57104,3911.197,2567.4897,8692.374,1876.516,0,271.88696,2635.1885,2202.5305
24208.982,626.53046,176.42029,275.30725,-0.03768116,765.52466,3887.3972,2452.771,8595.33,1876.5479,0,270.13913,3096.2463,2186.806
24368.453,596.63477,176.1971,275.11304,-0.08115942,764.7971,3744.2986,2400.8232,8507.861,1876.429,0,269.0232,3584.806,2172.5508
24421.545,435.33914,176.08696,274.92465,-0.09855072,764.5565,3562.4028,2374.0667,8425.162,1876.4869,0,268.55652,4107.0522,2157.0088
24456.766,230.9797,176.10724,274.9768,-0.08695652,764.2869,3438.1362,2345.9739,8296.794,1876.484,0,268.4145,4642.8896,2141.8086
24468.377,-17.153624,175.91594,275.08984,-0.10724638,764.0928,3322.1624,2301.3914,8175.487,1876.7362,0,268.29855,5201.1567,2125.3071
24473.436,-302.8087,175.92464,275.029,-0.11014493,764.0174,3205.7131,2262.0464,8059.171,1876.7913,0,268.1942,5783.774,2105.6929
24477.834,-542.5884,175.94203,275.16812,-0.10724638,763.87823,3067.423,2234.429,7906.3857,1876.9595,0,268.18842,6368.342,2083.8145
24483.635,-767.8203,175.93913,275.18552,-0.11884058,763.72174,2918.8086,2205.8262,7767.383,1876.9855,0,268.21448,6935.852,2063.658
24467.34,-1018.2406,175.94493,275.4087,-0.12173913,763.37683,2763.6116,2177.8347,7657.0405,1877.0348,0,268.22897,7481.974,2045.2463
24444.936,-1257.1508,175.86667,275.3913,-0.11014493,762.64056,2627.5796,2155.113,7520.78,1877.1333,0,268.28986,8011.7534,2027.6493
24421.424,-1430.4696,175.77391,275.47827,-0.09855072,762.1478,2450.5508,2115.0637,7393.3623,1877.1044,0,268.3681,8524.278,2009.8638
24419.31,-1506.597,175.85797,275.51013,-0.09565217,762.13043,2211.0986,2045.4928,7280.707,1877.3073,0,268.30145,9034.287,1995.3102
24574.516,-1560.7826,175.73044,275.91595,-0.060869563,761.7913,2159.7217,1908.6058,7108.7334,1877.3362,0,266.9826,9611.1045,1989.4376
24639.205,-1568.5392,175.67537,275.46378,-0.07826087,761.43475,1984.2115,1828.4928,6939.2466,1877.4174,0,264.47827,10119.817,1981.5854
24628.826,-1682.9247,175.64348,275.77103,-0.09855072,760.93915,1805.0289,1798.8754,6813.2114,1877.4667,0,263.86087,10572.481,1968.571
24607.977,-1856.9102,175.71014,275.629,-0.09855072,760.5739,1735.7594,1763.6145,6677.4375,1877.5942,0,263.6087,10979.841,1955.2174
24560.455,-1991.6927,175.74203,275.53043,-0.06376812,760.4377,1646.4521,1732.6232,6553.6406,1877.7565,0,263.5826,11323.866,1942.5797
24508.197,-2144.3015,175.64928,275.3739,-0.08115942,760.1768,1555.1189,1707.7421,6482.1216,1877.771,0,263.45218,11626.032,1929.1421
24474.615,-2293.739,175.6,275.67535,-0.07826087,759.92755,1474.9275,1686.171,6429.974,1877.8754,0,263.30435,11907.119,1917.8579
24432.88,-2409.4783,175.57391,275.6377,-0.09855072,759.8493,1394.1217,1657.6725,6378.9595,1877.9711,0,263.23477,12152.8,1906.6377
24373.887,-2525.4087,175.50145,275.53043,-0.09855072,759.6667,1301.7333,1638.1276,6341.855,1877.9623,0,263.23767,12369.496,1896.284
24314.223,-2625.8,175.53912,275.49567,-0.104347825,759.50146,1210.371,1617.1624,6311.971,1878.0521,0,263.27826,12561.632,1887.1246
24247.604,-2678.0059,175.4,275,-0.09855072,759.2985,1086.8,1596.7653,6278.293,1878.0029,0,263.35364,12736.006,1876.7885
24182.53,-2684.192,175.4622,274.59012,-0.0872093,759.093,944.8808,1561.064,6239.814,1876.9767,0,263.15988,12905.181,1866.5872
24220.531,-2714.311,175.34302,275.28778,-0.069767445,759.01746,950.5407,1495.5494,6153.5,1876.9564,0,260.8779,13122.398,1865.4419
24192.346,-2666.7092,175.29361,274.99127,-0.093023255,758.7907,876.5407,1450.1802,6034.7993,1876.907,0,256.64246,13290.985,1864.0175
24118.691,-2668.9739,175.20058,275.01163,-0.08139535,758.40405,758.94476,1432.657,5972.4272,1876.9128,0,255.61627,13424.887,1857.686
24042.363,-2737.067,175.19186,275.0407,-0.08139535,758.032,710.35175,1416.8866,5933.253,1876.9419,0,255.42732,13525.559,1852.8285
23960.826,-2801.785,175.18895,275.2907,-0.06686047,757.7413,648.76166,1396.1774,5905.7793,1876.9099,0,255.46512,13624.113,1847.25
23875.195,-2875.41,175.23546,275.38373,-0.06395349,757.2878,596.7529,1376.2704,5892.7793,1876.9448,0,255.43895,13704.282,1840.2936
23793.133,-2937.84,175.26744,275.77908,-0.08430233,757.1047,537.70056,1366.8634,5889.9854,1876.9302,0,255.49419,13766.006,1829.9274
23723.645,-2968.215,175.34883,275.72385,-0.09011628,756.82556,476.9215,1357.529,5878.561,1876.8344,0,255.43024,13820.178,1818.5989
23640.586,-3012.1807,175.42566,276.0175,-0.0787172,756.32654,409.06998,1351.5918,5854.799,1881.0758,0,255.59767,13877.399,1815.5422
23562.283,-3058.9795,175.39359,276.0554,-0.09037901,755.70264,354.74054,1344.1458,5838.825,1880.9242,0,255.6239,13932.263,1807.6793
23486.668,-3084.3179,175.414,275.71136,-0.08454811,755.1137,288.03207,1336.0729,5815.997,1880.9183,0,255.67346,13987.053,1801.0846
23432.477,-3106.341,175.3815,275.263,-0.098265894,755.15607,210.90173,1319.4191,5817.3037,1878.9509,0,255.45087,14054.647,1796.4421
23415.725,-3313.5288,175.44508,275.8266,-0.07225434,755.18207,274.78033,1302.7544,5812.581,1878.5289,0,254.66185,14201.928,1797.6387
23390,-3392.133,175.36127,275.74277,-0.07514451,754.99713,258.71677,1295.2832,5796.3755,1878.5144,0,252.99422,14296.807,1797.4161
23330.785,-3413.159,175.14452,276.1185,-0.09248555,754.4682,185.49133,1293.2832,5781.399,1878.5463,0,252.35548,14352.093,1795.1387
23275.006,-3447.2227,175.14452,276.27747,-0.07514451,754.38153,144.62428,1293.078,5771.1963,1878.3179,0,252.0896,14383.578,1793.6156
23200.848,-3448.9104,175.2919,276.53757,-0.06069364,754.19366,94.82081,1277.4567,5757.159,1878.7428,0,252.19363,14394.674,1788.7485
23134.107,-3456.5461,175.27457,276.66183,-0.07225434,753.95667,47.421967,1263.37,5747.7773,1878.7312,0,252.263,14412.78,1782.4884
23055.107,-3484.393,175.31213,277.526,-0.07514451,753.99713,1.9017341,1260.0636,5739.766,1878.7255,0,252.18787,14421.731,1778.3641
23010.807,-3489.5435,175.39017,277.37283,-0.08959538,753.90173,-40.754333,1257.4364,5736.419,1878.7196,0,252.23122,14436.798,1772.9248
22962.11,-3506.841,175.44508,277.1474,-0.0867052,753.69653,-98.84971,1254.1821,5743.3467,1878.7601,0,252.24567,14462.391,1770.6735
22906.633,-3504.1475,175.49712,277.0578,-0.078034684,753.2052,-144.46532,1248,5742.341,1878.6099,0,252.33527,14458.249,1770.0289
22861.055,-3487.7688,175.44798,276.4422,-0.07225434,753.211,-196.77745,1239.2977,5735.5117,1878.5029,0,252.31213,14464.196,1770.7515
22813.521,-3480.7407,175.42075,276.19308,-0.08933718,752.75214,-247.36023,1219.9596,5728.4985,1879.5908,0,252.24208,14486.043,1771.0115
22785.75,-3608.7146,175.40634,276.19308,-0.077809796,752.82135,-199.10951,1195.6887,5726.974,1879.5476,0,251.75217,14558.793,1776.4755
22772.729,-3613.3545,175.43228,275.9049,-0.08933718,752.7954,-196.00577,1180.4034,5705.285,1879.4323,0,251.34006,14582.545,1779.0404
22741.69,-3576.0347,175.44669,276.07492,-0.08357349,752.7118,-253.81557,1177.3516,5695.5503,1879.3516,0,251.46397,14585.651,1778.0201
22716.438,-3571.4985,175.42075,276.11526,-0.1037464,752.37177,-279.82996,1178.366,5692.3574,1879.2622,0,251.53603,14583.507,1778.9337
22681.975,-3517.6167,175.45245,276.32852,-0.07204611,752.1614,-330.0144,1168.4034,5683.4263,1879.219,0,251.56772,14564.588,1778.5303
22667.932,-3485.8328,175.39769,275.84726,-0.077809796,751.6023,-369.12393,1156.487,5689.66,1879.1758,0,251.53891,14562.911,1780.3458
22641.637,-3484.1038,175.37752,275.7003,-0.063400574,751.41785,-406.61096,1152.389,5695.0806,1879.1355,0,251.4928,14568.916,1782.9049
22644.94,-3451.3142,175.366,275.83286,-0.08357349,751.4553,-440.6052,1148.6427,5701.951,1878.9943,0,251.48415,14567.069,1786.147
22638.174,-3404.9136,175.45534,275.82422,-0.077809796,751.34296,-498.37463,1145.6859,5710.0576,1878.8617,0,251.48415,14564.306,1788.5216
22641.268,-3370.4985,175.60806,275.58212,-0.08069164,750.9654,-545.9712,1148.4841,5721.758,1878.7435,0,251.5418,14563.424,1791.7118
22639.865,-3329.288,175.70894,275.32565,-0.09221902,751.1297,-582.8617,1149.3717,5722.536,1878.6686,0,251.65129,14552.564,1795.1499
22631.416,-3287.0405,175.67918,275.13007,-0.115606934,750.81793,-628.82367,1146.3208,5700.098,1877.5867,0,251.70232,14573.535,1796.526
22627.88,-3385.604,175.763,275.21387,-0.112716764,750.8468,-595.6156,1155.5173,5699.159,1877.474,0,251.69363,14614.749,1808.7977
22653.543,-3381.5837,175.74277,275.026,-0.098265894,750.80634,-591.9624,1161.3439,5693.8496,1877.4017,0,252.01445,14622.153,1818.8497
22660.58,-3325.6301,175.55202,274.9162,-0.098265894,750.28613,-648.84393,1163.3671,5690.113,1877.422,0,251.99422,14627.006,1824.4971
22672.77,-3287.4133,175.66763,274.9364,-0.10404624,749.85547,-682.89594,1172.2631,5686.3467,1877.5,0,252.06937,14622.8125,1831.7312
22689.031,-3197.7861,175.76012,275.03757,-0.098265894,749.6098,-723.11847,1160.5,5683.3325,1877.578,0,252.10693,14594.945,1841.1648
22713.447,-3122.76,175.72832,275.2688,-0.098265894,749.50287,-762.31793,1151.4133,5691.6245,1877.5693,0,252.2081,14577.91,1847.3988
22736.525,-3077.5203,175.72832,275.36707,-0.0867052,749.42194,-791.6416,1149.5116,5704.2803,1877.6445,0,252.15028,14566.165,1855.5057
22776.861,-3018.1877,175.78902,275.56937,-0.0867052,749.15027,-804.3902,1150.578,5716.922,1877.8439,0,252.18208,14540.537,1860.9537
22815.785,-2934.1965,175.8815,275.5925,-0.07225434,749.44507,-845.81793,1154.2023,5729.081,1877.8324,0,252.23122,14512.323,1869.2832
22855.992,-2864.1243,175.88728,275.3844,-0.08381503,749.50287,-893.6734,1159.6213,5740.801,1878.1069,0,252.13295,14502.099,1880.3381
22913.613,-2811.3093,175.76012,275.08093,-0.098265894,749.4682,-908.17633,1163.1329,5760.405,1878.0636,0,252.05492,14489.055,1890.1763
22973.139,-2769.9827,175.78902,274.93063,-0.12716763,749.35547,-921.66473,1168.1561,5778.0376,1878.1763,0,252.07225,14488.642,1899.7544
23003.193,-2848.344,175.9133,275.263,-0.13294798,749.35547,-856.1156,1199.9017,5767.6445,1878.0867,0,252.0607,14499.052,1910.5087
23074.055,-2835.3267,175.98843,275.41907,-0.13294798,749.32947,-823.95953,1211.9971,5765.6733,1878.2255,0,252.30637,14502.717,1921.8179
23129.453,-2763.9045,175.9133,275.18207,-0.115606934,749.02893,-840.43353,1216.1156,5765.688,1878.2572,0,252.44508,14488.922,1932.3555
23187.283,-2675.6445,175.97688,274.92487,-0.10404624,748.78326,-867.26013,1224.8728,5766.367,1878.3931,0,252.44508,14465.823,1942.7052
23245.82,-2509.1301,175.94798,274.83817,-0.08959538,748.72253,-906.40173,1221.0579,5757.8354,1878.6473,0,252.35838,14396.286,1955.7485
23321.717,-2380.3352,175.9711,274.57513,-0.10982659,748.2572,-946.17633,1216.4451,5778.0547,1878.8844,0,252.33237,14356.321,1967.4971
23387.125,-2306.2341,175.83237,274.63007,-0.115606934,748.13007,-966.38727,1218.4307,5813.295,1879.1099,0,252.17342,14319.205,1979.0549
23462.39,-2230.9565,175.89885,274.46243,-0.12427746,748.3266,-983.3902,1222.3988,5843.095,1879.3295,0,252.02023,14287,1994.3295
23535.096,-2136.393,175.86995,274.87283,-0.13583815,748.43353,-1007.91907,1226.8468,5862.818,1879.4653,0,251.9104,14252.954,2006.3728
23617.74,-2026.078,175.93063,274.8237,-0.14739884,748.51447,-1044.3757,1232.9856,5889.185,1879.6359,0,251.82082,14214.584,2020.8613
23707.336,-1948.6185,175.86127,274.7052,-0.14161849,748.48846,-1055.0549,1239.7717,5924.0635,1879.8265,0,251.80925,14179.882,2036.7428
23781.156,-1898.9971,175.89307,274.64163,-0.14161849,748.5578,-1044.9827,1250.6445,5956.783,1880.0752,0,251.71677,14135.581,2051.3843
23820.887,-2003.1792,175.86127,274.96533,-0.12427746,748.69653,-955.185,1315.8324,5979.5117,1879.7659,0,251.92197,14091.679,2061.1416
23897.396,-1975.4421,175.93642,274.75723,-0.12716763,748.79767,-911.9682,1345.9451,5987.188,1879.8064,0,252.89017,14043.954,2075.659
23981.668,-1874.5693,175.87283,274.65607,-0.11849711,748.974,-916.80634,1357.5867,5994.7803,1879.9509,0,253.23988,13996.627,2091.4739
24077.098,-1763.3092,175.96243,274.6214,-0.10404624,748.9682,-937.42773,1375.9683,6014.104,1880.026,0,253.25145,13950.885,2104.153
24177.164,-1598.2977,176.01445,274.58093,-0.098265894,749.12427,-973.95087,1371.9624,6053.737,1880.5173,0,253.35838,13872.093,2118.1243
24276.775,-1495.7283,176.0607,274.36993,-0.10693642,749.1098,-1000.80347,1368.7428,6117.8613,1880.5636,0,253.34682,13821.968,2131.3901
24367.408,-1448.1127,175.98555,274.52023,-0.098265894,748.86127,-999.49133,1380.4769,6172.734,1880.6185,0,253.19942,13783.283,2145.4307
24478.066,-1379.9683,176.01157,274.52023,-0.10115607,748.92487,-997.81793,1390.1243,6232.4453,1880.7196,0,253.07515,13736.295,2163.8381
24562.168,-1276.2725,176.08116,274.3768,-0.11014493,748.86084,-1011.5681,1391.2551,6295.2666,1879.7275,0,252.9971,13656.0205,2175.5334
24683.633,-1163.9159,176.14203,274.29855,-0.11884058,748.86957,-1046.371,1409.8232,6361.8115,1879.7478,0,253.04927,13599.275,2191.0203
24804.385,-1070.0464,176.04347,274.17682,-0.11594203,748.86957,-1036.829,1422.113,6436.38,1879.8492,0,252.93044,13519.687,2201.3276
24964.375,-1069.6772,176.18732,274.0807,-0.17291066,749.2219,-964.00867,1453.4697,6559.9136,1882.1758,0,252.83574,13429.049,2221.2998
25002.701,-1185.1355,176.25072,274.23056,-0.16138329,749.4121,-834.74927,1548.856,6606.8906,1882.0259,0,253.84726,13297.202,2234.0317
25083.969,-1132.6743,176.17291,274.2997,-0.16426513,749.6311,-711.804,1600.1671,6616.68,1882.0778,0,259.1268,13126.867,2243.588
25211.994,-995.54755,176.10374,274.32565,-0.13832854,749.80695,-667.5879,1621.1182,6668.726,1882.0864,0,260.9827,12982.285,2259.8328
25346.326,-842.4352,176.23343,274.41498,-0.11815562,749.8098,-682.6369,1646.8357,6737.9224,1882.0115,0,261.2853,12862.433,2280.5706
25489.35,-696.54755,176.31123,274.69452,-0.13832854,749.7464,-658.2824,1652.0115,6841.7866,1881.9943,0,261.38904,12706.737,2299.6455
25634.086,-564.2219,176.36888,274.94812,-0.13256484,749.8991,-649.8703,1658.049,6970.902,1881.9856,0,261.5072,12559.484,2315.1672
25751.799,-494.68588,176.34871,275.29684,-0.13544668,749.88763,-623.99426,1675.6023,7105.706,1881.9049,0,261.4121,12415.158,2329.2969
25889.146,-398.92508,176.44669,275.36023,-0.14985591,750,-587.0144,1692.4841,7245.3833,1881.8761,0,261.1729,12246.337,2346.1758
26019.053,-261.0289,176.58382,275.3526,-0.13294798,750.0318,-554.68787,1704.6156,7383.7715,1880.8468,0,261.13583,12043.985,2358.5781
26174.145,-101.73699,176.67918,275.13293,-0.13294798,750.29193,-541.5954,1722.2745,7521.841,1880.7601,0,261.1792,11850.529,2378.9219
26319.832,11.930635,176.59827,275.45087,-0.13872832,750.43933,-492.2659,1748.9624,7658.5146,1880.922,0,261.09537,11652.477,2395.847
26468.799,-37.239193,176.63977,275.38327,-0.14697406,750.50433,-345.28818,1834.5879,7797.2046,1881.8617,0,261.2997,11461.349,2412.6426
26396.158,-399.098,176.78674,276.4899,-0.17867436,750.8271,-98.65418,2037.608,7864.3228,1881.5792,0,263.17578,11220.19,2423.1096
26462.229,-441.6369,177.049,276.65417,-0.14409222,751.51587,93.80403,2132.5764,7904.317,1881.7234,0,268.61383,10982.36,2435.3948
26612.188,-295.44955,177.00865,276.80692,-0.129683,751.64264,167.60231,2167.2854,7999.9424,1881.781,0,269.86743,10770.199,2445.631
26780.92,-94.76657,177.11528,276.91354,-0.13832854,751.4726,128.66283,2210.49,8129.285,1881.856,0,270.24496,10590.075,2459.709
26954.922,80.00576,177.10663,277.08932,-0.10951009,751.6513,142.96829,2236.8877,8262.185,1881.9366,0,270.50143,10396.248,2478.4524
27128.77,249.67146,177.10086,276.7752,-0.12391931,751.6801,152.85014,2253.8157,8396.436,1881.9366,0,270.6484,10223.309,2494.6714
27291.805,347.79828,177.08934,276.69742,-0.13256484,751.8934,206.4582,2275.925,8532.193,1881.8992,0,270.62823,10061.557,2509.7983
27462.52,429.47263,177.11528,276.75504,-0.15273775,752.1614,289.10663,2297.8127,8658.193,1881.9481,0,270.60806,9902.524,2526.974
27637.535,568.2709,177.21037,276.59943,-0.13544668,752.0346,325.17578,2318.9568,8790.79,1881.9827,0,270.6801,9730.303,2545.6687
27819.883,729.2075,177.23055,276.58212,-0.12103746,751.951,334.8876,2351.049,8938.57,1881.9683,0,270.6628,9546.251,2561.6426
27991.47,876.25073,177.19885,276.57635,-0.129683,752.1758,399.9049,2388.9165,9062.683,1881.9913,0,270.6052,9330.66,2574.637
28135.475,908.6369,177.3026,276.04898,-0.13256484,752.24493,553.7839,2473.3545,9169.205,1882.0894,0,270.8415,9089.142,2582.9597
28144.553,664.5389,177.43228,275.48703,-0.13544668,752.83575,790.59656,2665.1787,9226.409,1882.0864,0,271.95966,8847.251,2590.9136
28231.605,662.2709,177.60806,275.3804,-0.13256484,753.3026,1011.54755,2748.216,9245.383,1882.2391,0,273.95102,8597.029,2604.8098
28380.432,784.4755,177.65994,275.06628,-0.129683,753.781,1138.5043,2777.6543,9339.971,1882.4064,0,274.38904,8357.421,2619.2334
28548.734,953.41785,177.78963,275.1729,-0.13256484,754.2161,1151.7205,2832.4985,9475.801,1882.5101,0,274.6801,8133.5474,2637.513
28705.06,1146.5591,177.82709,275.2392,-0.12103746,754.8617,1175.1758,2863.7896,9605.891,1882.5879,0,274.93658,7888.3774,2659.9365
28854.986,1345.3314,177.90202,275.536,-0.12391931,755.3977,1201.7723,2887.9915,9736.585,1882.6512,0,275.0144,7635.6514,2681.2766
28976.46,1478.8242,177.83286,275.5072,-0.14697406,755.6369,1265.0115,2923.9797,9860.421,1882.7291,0,274.97983,7380.5996,2701.0864
29093.273,1621.7579,177.92508,275.57062,-0.13256484,756.0432,1359.2247,2949.2334,9959.798,1882.8876,0,274.9539,7112.5186,2723.4927
29206.646,1796.245,177.93372,275.58212,-0.13544668,756.219,1443.7609,2967.634,10065.443,1882.902,0,274.7781,6823.6743,2742.6082
29318.986,1961.6139,178.03746,275.7464,-0.13256484,756.3977,1531.4352,3008.6514,10182.735,1882.9337,0,274.78387,6507.0747,2759.709
29419.389,2123.15,177.89049,275.8271,-0.13544668,756.86456,1645.0836,3068.7463,10278.176,1882.9683,0,274.8588,6162.262,2773.6975
29486.914,2169.9165,177.94812,275.74927,-0.14409222,756.77234,1830.7234,3191.9597,10345.087,1883.0144,0,275.01154,5796.513,2784.363
29360.504,2069.2278,178.04323,275.56195,-0.16714698,756.67725,1980.3632,3414.4783,10335.96,1882.5994,0,275.72046,5400.3374,2791.7031
29352.855,2104.9395,178.19308,275.67148,-0.14409222,756.6455,2191.3604,3553.6196,10329.3545,1882.7609,0,276.65994,5004.6973,2799.098
29407.824,2229.0403,178.22191,275.902,-0.14409222,756.75507,2372.9597,3607.2651,10392.127,1882.6974,0,277.07492,4625.34,2810.585
29476.371,2402.8877,178.32277,275.87033,-0.17291066,757.25934,2474.5476,3661.3833,10492.389,1882.7378,0,277.2536,4252.0605,2821.8328
29537.703,2583.2478,178.31123,275.86743,-0.1815562,757.34296,2580.5217,3693.0864,10600.873,1883.1239,0,277.3948,3876.5505,2831.565
29592.764,2778.4985,178.33717,275.78387,-0.16426513,757.3458,2668.879,3718.3748,10711.331,1883.1758,0,277.45532,3502.634,2841.1123
29634.023,2921.0203,178.21902,275.92795,-0.16714698,757.43805,2788.879,3743.6628,10822.666,1883.2507,0,277.40634,3137.5676,2848.1528
29677.69,3100.17,178.30836,275.9539,-0.17291066,757.17004,2873.7925,3764.562,10919.173,1883.294,0,277.41788,2791.1528,2856.8674
29679.688,3281.1157,178.39307,275.9364,-0.17630059,757.50867,2943.844,3779.8093,10989.804,1882.3815,0,277.45953,2451.7427,2861.8699
29711.465,3440.24,178.45087,275.9364,-0.17052023,757.60693,3022.8381,3797.4104,11071.572,1882.4104,0,277.47687,2135.6272,2872.0664
29732.09,3589.7168,178.49133,275.91907,-0.17052023,757.82367,3106.9739,3816.0781,11132.645,1882.3324,0,277.46243,1836.8324,2877.9856
29765.994,3716.9395,178.55331,275.98846,-0.19884726,757.9337,3187.078,3843.7607,11194.611,1883.3861,0,277.3631,1564.6427,2885.9365
29701.14,3925.069,178.65706,276.2363,-0.18731989,758.3631,3135.0374,3869.369,11191.631,1883.3113,0,277.44092,1309.4841,2896.729
29688.53,4032.6226,178.75505,276.27664,-0.1815562,758.38904,3197.5908,3896.8013,11197.164,1883.366,0,277.74063,1082.7867,2907.219
29672.982,4078.317,178.78386,276.3372,-0.18443803,758.3314,3290.072,3913,11221.888,1883.3717,0,277.9539,880.22766,2914.8848
29671.217,4134.1816,178.94812,276.31412,-0.2017291,758.7464,3356.7175,3928.1672,11250.343,1883.3746,0,278.1556,704.88763,2921.582
29656.314,4169.591,179.04611,276.21613,-0.2074928,758.99713,3410.4668,3940.8904,11275.386,1883.5879,0,278.16138,554.85016,2929.3286
29639.053,4188.634,179.05763,276.20172,-0.21613833,759.0375,3464.4207,3949.2766,11294.282,1883.683,0,278.16428,428.19885,2938.3113
29604.588,4180.3604,179.05188,276.30548,-0.21325648,759.2997,3523.784,3953.7493,11300.476,1883.7493,0,278.14697,321.66858,2948.2104
29576.447,4170.1123,179.09222,276.24207,-0.21037464,759.59076,3575.0952,3956.8733,11308.179,1884,0,278.13834,235.04611,2954.288
29540.174,4132.3315,179.02594,276.32565,-0.21613833,759.8703,3629.3054,3954.4927,11317.594,1884.0548,0,278.13544,167.95389,2961.2998
29502.219,4076.928,179,276.31702,-0.2074928,759.87317,3695.8733,3951.4324,11315.026,1884.1383,0,278.1095,116.78098,2968.9482
29456.129,4011.8704,179.01152,276.24496,-0.19308357,759.86743,3738.9395,3950.49,11318.605,1884.245,0,278.07205,79.92507,2979.0518
29401.703,3973.778,178.99423,276.19885,-0.17867436,759.73486,3746.631,3947.3862,11314.732,1884.17,0,277.87607,53.8415,2988.5388
29358.314,4127.9395,179.09798,276.27954,-0.15850145,760,3635.66,3935.0518,11246.216,1884.2969,0,277.78098,37.550434,2998.5994
29326.646,4118.2163,179.11815,276.2392,-0.16426513,760.21326,3629.3198,3933.15,11235.784,1884.2391,0,277.8588,25.201729,3007.4697
29276.588,4026.8357,179.049,276.25073,-0.17291066,760.48126,3685.1643,3923.3833,11233.441,1884.3026,0,277.84726,15.974064,3014.0317
29238.223,3951.8416,179.04034,276.10663,-0.18731989,760.585,3756.0403,3913.3892,11207.524,1884.3344,0,277.9193,11.927954,3019.7002
29176.398,3848.6658,179.08069,275.87033,-0.19020173,761.0144,3810.3604,3907.193,11196.516,1884.389,0,277.80405,9.84438,3025.85
29114.744,3723.804,179.08069,275.96542,-0.20461094,761.268,3875.5706,3904.075,11190.564,1884.438,0,277.72336,8.67147,3033.7869
29040.295,3637.0864,179.00288,275.93658,-0.20461094,761.24493,3927.1643,3899.0432,11150.743,1884.4841,0,277.68588,8.100864,3040.0059
28969.832,3532.6052,178.99712,276.00287,-0.2074928,761.51587,3984.5044,3894.5994,11127.397,1884.6398,0,277.70892,7.389049,3044.6802
28882.766,3409.078,179.01729,276.18445,-0.19884726,761.62823,4033.418,3889.268,11116.896,1884.7867,0,277.7176,7.0259366,3047.9453
28791.59,3291.4624,179.13005,275.9162,-0.17630059,761.77747,4094.7947,3884.9539,11078.705,1883.8641,0,277.68207,5.936416,3057.5435
28695.98,3187.0867,179.15028,275.9422,-0.1618497,762.04047,4121.5522,3877.4219,11065.136,1884,0,277.75433,5.5346823,3060.5232
28610.94,3141.9048,179.06917,276.21326,-0.16714698,762.1816,4117.6025,3849.4927,11060.821,1885.049,0,277.77234,5.256484,3055.7434
28647.297,3361.219,179.06628,276.42075,-0.12391931,762.88184,4063.369,3800.977,10980.095,1885.2565,0,277.17004,4.907781,3056.0576
28635.283,3355.9106,178.97406,275.97983,-0.14985591,762.8328,4087.8674,3782.8213,10967.842,1885.2018,0,276.24207,4.322767,3057.438
28546.69,3235.0662,178.94237,275.87033,-0.15273775,762.7752,4137.807,3767.9165,10967.421,1885.4294,0,275.80978,3.8040345,3056
28481.043,3140.049,179.10374,275.87033,-0.15561959,762.85016,4221.5996,3749.15,10932.922,1885.4496,0,275.74353,3.590778,3054.8704
28376.02,2994.83,179.02594,275.89337,-0.14697406,763.0144,4294.1616,3736.098,10913.96,1885.6196,0,275.5389,3.5043228,3054.5217
28268.395,2836.5244,179.01729,276.05475,-0.16138329,763.0951,4370.6313,3728.003,10896.899,1885.856,0,275.41788,3.6570606,3053.4006
28154.135,2723.4841,179.01152,276.55045,-0.16138329,763.1383,4430.7207,3721.3142,10844.228,1885.9741,0,275.34293,3.5619597,3050.9712
28034.602,2582.778,178.96829,276.44382,-0.17002882,763.2738,4504.5503,3711.4812,10804.631,1886.075,0,275.4121,3.573487,3047.585
27903.66,2412.003,178.94237,276.1556,-0.16714698,763.2767,4579.1987,3699.3833,10783.891,1886.2133,0,275.36887,3.3948126,3046
27764.008,2253.637,178.97118,275.80978,-0.13832854,763.36597,4657.118,3689.0576,10736.095,1886.461,0,275.43228,3.4899135,3044.709
27622.305,2095.4324,178.90778,274.49857,-0.11815562,763.4438,4729.6226,3673.7925,10697.023,1886.6512,0,275.50433,3.6743517,3043.8733
27467.45,1993.0519,178.82132,272.2104,-0.09798271,763.77234,4759.6772,3632.9395,10658.233,1886.7954,0,275.4899,3.7838616,3042.7722
27320.168,2140.121,178.85591,269.36023,-0.06628242,763.81555,4655.461,3549.1267,10556.767,1886.3516,0,274.29395,3.7838616,3042.2969
27183.553,2070.2998,178.88185,267.56195,-0.08645533,763.8242,4667.429,3511.6282,10522.911,1886.5072,0,270.2104,3.5648415,3040.8213
27035.71,1918.9827,178.90778,266.634,-0.095100865,764.1672,4725.876,3489.4956,10493.136,1886.464,0,269.04034,3.2939482,3039.8098
26891.92,1759.2247,178.96829,265.97406,-0.09798271,764.38904,4831.6543,3468.9653,10426.858,1886.6715,0,268.7291,3.201729,3037.3804
26744.43,1575.5447,178.8588,265.6657,-0.11527377,764.7032,4936.536,3450.7637,10378.977,1887.3372,0,268.40057,3.0489914,3034.709
26592.273,1388.4899,178.84726,265.29684,-0.13544668,765.12103,5021.8906,3437.6082,10344.282,1887.539,0,268.1729,2.9394813,3032.222
26433.646,1242.6254,178.77522,265.10086,-0.14409222,765.3833,5082.0723,3426.6282,10285.424,1887.6254,0,268.1441,2.740634,3029.271
26281.52,1084.9741,178.73775,264.9049,-0.14409222,765.6225,5145.758,3415.34,10240.513,1887.8501,0,268.13257,2.7089338,3027.121
26127.043,932.8617,178.81268,264.99136,-0.11815562,765.8415,5202.591,3401.4668,10199.443,1887.7609,0,268.11816,2.6023054,3022.6714
25977.012,808.70605,178.79251,264.82422,-0.13832854,766.09796,5255.101,3389.562,10134.954,1887.9164,0,268.1412,2.5648415,3020.49
25826.97,701.91644,178.71758,264.07782,-0.12391931,766.2075,5283.164,3372.2334,10081.245,1887.9971,0,268.19022,2.7319884,3020.6138
25658.14,666.1614,178.69164,263.31702,-0.10086455,766.3458,5241.2275,3331.5706,10032.718,1888.0951,0,268.0951,2.5677233,3019.4524
25525.709,825.83575,178.73486,262.268,-0.074927956,766.3631,5092.0664,3270.85,9952.954,1888.1556,0,267.81555,1.4697406,3019.271
25404.066,812.7291,178.76657,261.12967,-0.10086455,766.5879,5065.9365,3241.17,9907.268,1888.1902,0,265.85303,1.5043228,3015.0317
25261.146,716.2104,178.68877,260.7147,-0.11527377,766.87317,5068.7466,3222.85,9880.089,1888.1959,0,265.1124,1.4005764,3012.3804
25124.133,603.049,178.67146,260.56772,-0.12680115,767.1095,5116.571,3203.415,9830.686,1888.1989,0,264.7896,1.2910663,3009.9106
24988.357,441.14984,178.66283,260.57062,-0.129683,767.51874,5199.614,3186.9915,9793.715,1888.17,0,264.48126,1.4466859,3006.1672
24848.156,286.42365,178.70605,260.61673,-0.12391931,767.64264,5256.9194,3172.709,9769.078,1888.1643,0,264.2104,1.6023055,3002.2075
24702.947,158.89914,178.65417,260.7608,-0.14697406,767.7089,5292.6396,3163.4236,9731.732,1888.1066,0,264.10663,1.6311239,2995.4324
24565.764,30.492796,178.7608,260.67725,-0.129683,767.72046,5328.585,3155.1384,9704.836,1888.075,0,264.05765,1.3054755,2986.2449
24438.92,-95.88184,178.8588,260.82422,-0.11815562,767.7464,5361.8413,3152.023,9683,1888.0836,0,263.99136,1.0835735,2977.4668
24309.527,-197.51585,178.88185,260.95102,-0.12680115,767.67725,5387.245,3146.4324,9641.68,1887.9856,0,264,1.2651297,2971.0518
24160.658,-282.6968,179.00874,260.51602,-0.09912536,767.5277,5396.414,3135.3733,9588.189,1887.0321,0,264.16617,0.94752187,2964.2798
