Total,Batteries,Biogas,Biomass,Coal,Geothermal,Imports,Large Hydro,Natural Gas,Nuclear,Other,Small Hydro,Solar,Wind
24042.58550724638,0,178.94782608695652,260.7072463768116,-0.05507246376811594,767.3797101449276,5371.286956521739,3071.4115942028984,9545.278260869565,1882.4753623188406,0,264.25797101449274,-258.8840579710145,2959.7797101449273
24186.47536231884,0,179.02898550724638,260.8086956521739,-0.02318840579710145,767.7101449275362,5244.475362318841,2961.0550724637683,9443.278260869565,1882.2289855072463,0,264.03478260869565,229.2985507246377,2954.5797101449275
24223.76231884058,0,178.92753623188406,260.07246376811594,-0.07536231884057971,767.7913043478261,5194.066666666667,2922.2521739130434,9365.889855072464,1881.9391304347826,0,263.2463768115942,440.4231884057971,2949.2289855072463
24120.284057971014,0,178.85797101449276,259.84927536231885,-0.08695652173913043,767.8608695652174,5191.739130434783,2909.8521739130433,9331.457971014494,1881.8260869565217,0,262.5884057971015,394.0231884057971,2942.3159420289853
24069.147826086955,0,178.90144927536232,259.7971014492754,-0.08985507246376812,767.8550724637681,5261.240579710145,2904.426086956522,9294.857971014493,1881.6260869565217,0,262.4927536231884,321.5913043478261,2936.449275362319
23961.260869565216,0,178.9217391304348,259.54782608695655,-0.1072463768115942,767.872463768116,5276.026086956522,2884.7971014492755,9263.339130434782,1881.5768115942028,0,262.57971014492756,256.35072463768114,2930.3565217391306
23856.79420289855,0,178.85797101449276,259.4695652173913,-0.11304347826086956,767.7884057971014,5300.371014492754,2872.205797101449,9237.944927536231,1881.3942028985507,0,262.41449275362316,171.95942028985507,2924.501449275362
23755.768115942028,0,178.92463768115942,259.6202898550725,-0.11014492753623188,767.8608695652174,5314.782608695652,2865.289855072464,9205.521739130434,1881.2376811594204,0,262.2869565217391,101.42028985507247,2918.9333333333334
23663.88115942029,0,178.90434782608696,259.4811594202898,-0.12753623188405797,767.9014492753623,5333.371014492754,2857.6057971014493,9170.562318840579,1881.0840579710145,0,262.28985507246375,37.02608695652174,2915.782608695652
23557.19420289855,0,178.9449275362319,259.48985507246374,-0.11014492753623188,767.8927536231884,5338.084057971015,2849.895652173913,9138.034782608696,1880.9072463768116,0,262.231884057971,-30.707246376811593,2912.5304347826086
23459.486956521738,0,178.93623188405797,259.59420289855075,-0.11014492753623188,767.9623188405797,5340.463768115942,2843.4579710144926,9103.159420289856,1880.7594202898551,0,262.3159420289855,-87.82028985507246,2910.768115942029
23359.90724637681,0,179.02028985507246,259.7217391304348,-0.09855072463768116,767.8840579710145,5341.023188405798,2830.402898550725,9061.605797101449,1880.591304347826,0,262.2840579710145,-129.16811594202898,2906.6405797101447
23263.057971014492,0,179.1072463768116,259.9217391304348,-0.09565217391304348,768.0347826086957,5332.127536231884,2809.0173913043477,9009.55652173913,1880.4840579710144,0,262.2144927536232,-138.30144927536233,2900.991304347826
23211.13913043478,0,179.06376811594203,260.295652173913,-0.07246376811594203,768.1652173913044,5298.113043478261,2783.8202898550726,8965.107246376812,1880.1942028985507,0,262.2840579710145,-82.49855072463768,2896.6666666666665
23160.153623188406,0,179.04927536231884,260.05797101449275,-0.08695652173913043,768.2550724637681,5304.489855072464,2768.7652173913043,8920.12463768116,1879.982608695652,0,262.5768115942029,-73.06666666666666,2890.0057971014494
23072.379710144927,0,179.05217391304348,259.8985507246377,-0.08985507246376812,768.295652173913,5289.939130434783,2759.063768115942,8881.12463768116,1879.736231884058,0,262.4724637681159,-91.21739130434783,2884.104347826087
22987.39420289855,0,179.0231884057971,259.84057971014494,-0.1072463768115942,768.2608695652174,5301.324637681159,2749.6173913043476,8835.049275362318,1879.4985507246377,0,262.24347826086955,-126.42898550724638,2879.072463768116
22903.298550724638,0,179,259.68695652173915,-0.09855072463768116,768.2260869565217,5315.07536231884,2727.5188405797103,8797.692753623189,1879.591304347826,0,262.2144927536232,-158.02898550724638,2872.4202898550725
22820.318840579712,0,178.98840579710145,259.3536231884058,-0.09855072463768116,768.3942028985507,5320.620289855073,2714.695652173913,8772.733333333334,1879.4231884057972,0,262.168115942029,-203.57391304347826,2867.6144927536234
22742.704347826086,0,179,259.46666666666664,-0.08115942028985507,768.4782608695652,5324.568115942029,2707.4666666666667,8742.072463768116,1879.2753623188405,0,262.08985507246376,-240.48695652173913,2860.855072463768
22666.814492753623,0,178.94782608695652,259.4,-0.07536231884057971,768.5420289855073,5325.660869565218,2700.6782608695653,8713.478260869566,1879.1391304347826,0,262.09565217391304,-277.5739130434783,2856.521739130435
22592.608695652172,0,178.93623188405797,259.74202898550726,-0.07246376811594203,768.663768115942,5317.521739130435,2694.707246376812,8688.872463768115,1878.9797101449276,0,262.04927536231884,-306.5739130434783,2849.782608695652
22515.147826086955,0,178.968115942029,259.8695652173913,-0.07536231884057971,768.7420289855072,5311.339130434782,2689.704347826087,8655.127536231885,1878.6869565217391,0,262.0869565217391,-332.74782608695654,2843.4463768115943
22440.8115942029,0,179.00579710144928,260.0289855072464,-0.0927536231884058,768.7739130434783,5309.739130434783,2679.3594202898553,8617.617391304348,1878.5159420289856,0,262.1014492753623,-351.5275362318841,2837.289855072464
22378.476744186046,0,179.0203488372093,259.9912790697674,-0.09883720930232558,768.8023255813954,5303.139534883721,2660.357558139535,8587.587209302326,1877.2296511627908,0,262.0639534883721,-356.32267441860466,2836.7063953488373
22349.76453488372,0,178.98546511627907,260.4331395348837,-0.04941860465116279,768.8633720930233,5277.851744186047,2650.0203488372094,8568.959302325582,1876.7267441860465,0,262.09302325581393,-327.32267441860466,2833.203488372093
22307.73546511628,0,178.94476744186048,260.2470930232558,-0.05232558139534884,768.7819767441861,5265.813953488372,2643.1947674418607,8545.235465116279,1876.5116279069769,0,262.3343023255814,-322.28197674418607,2829.0058139534885
22249.043604651164,0,178.96802325581396,260.1918604651163,-0.08139534883720931,768.8691860465116,5248.752906976744,2640.031976744186,8526.107558139534,1876.2441860465117,0,262.2529069767442,-334.97093023255815,2822.6773255813955
22184.023255813954,0,178.96802325581396,260.1889534883721,-0.09593023255813954,768.8517441860465,5246.970930232558,2636.4738372093025,8491.898255813954,1876.25,0,262.1046511627907,-354.1337209302326,2816.546511627907
22123.802325581397,0,179.0203488372093,260.11337209302326,-0.08139534883720931,768.875,5252.4738372093025,2619.4738372093025,8460.636627906977,1876.3837209302326,0,262.13662790697674,-364.98546511627904,2809.7558139534885
22064.0261627907,0,178.98546511627907,260.0755813953488,-0.09593023255813954,768.8401162790698,5249.7558139534885,2608.9941860465115,8442.927325581395,1876.2790697674418,0,262.0988372093023,-385.8401162790698,2802.0058139534885
22007.851744186046,0,179,260.2151162790698,-0.07267441860465117,768.9011627906976,5246.758720930233,2602.703488372093,8420.264534883721,1876.1424418604652,0,262.03779069767444,-401.5,2793.4011627906975
21965.361516034984,0,179.0612244897959,260.4110787172012,-0.07580174927113703,768.9533527696793,5238.6472303207,2598.34110787172,8398.551020408164,1879.1720116618076,0,262.30320699708454,-412.399416909621,2792.396501457726
21912.909620991253,0,179.10204081632654,260.3119533527697,-0.0728862973760933,769.0116618075801,5229.428571428572,2593.553935860058,8382.836734693878,1878.9941690962098,0,262.2274052478134,-427.7842565597668,2785.3002915451893
21861.21282798834,0,179.10495626822157,260.536443148688,-0.07580174927113703,768.9970845481049,5225.655976676385,2587.6239067055394,8359.874635568513,1878.67055393586,0,262.2040816326531,-439.8542274052478,2778.475218658892
21815.96501457726,0,179.10495626822157,260.6064139941691,-0.08454810495626822,768.9941690962099,5217.813411078717,2580.661807580175,8337.91253644315,1878.536443148688,0,262.2478134110787,-440.4518950437318,2770.6239067055394
21759.710144927536,0,179.08115942028985,260.6521739130435,-0.08405797101449275,769.0463768115942,5202.544927536232,2569.423188405797,8323.79420289855,1875.9942028985506,0,262.063768115942,-435.88695652173914,2753.08115942029
21754.063768115942,0,179.0550724637681,260.99710144927536,-0.05507246376811594,769.2289855072464,5181.744927536231,2577.1159420289855,8316.084057971015,1875.8,0,262.0927536231884,-414.43768115942026,2746.43768115942
21750.573913043478,0,178.93333333333334,260.65507246376814,-0.06956521739130435,769.0753623188406,5174.521739130435,2576,8310.791304347826,1875.4231884057972,0,262.26666666666665,-397.6521739130435,2740.6289855072464
21720.802898550726,0,178.9217391304348,260.6666666666667,-0.0782608695652174,769.1652173913044,5151.597101449275,2573.9710144927535,8304.417391304349,1875.286956521739,0,262.24347826086955,-390.48985507246374,2735.1014492753625
21690.942028985508,0,178.90144927536232,260.82608695652175,-0.07536231884057971,769.168115942029,5141.466666666666,2570.144927536232,8297.197101449276,1875.2231884057971,0,262.1565217391304,-391.1101449275362,2727.0434782608695
21655.602898550726,0,178.90434782608696,260.9913043478261,-0.08115942028985507,769.3014492753623,5129.533333333334,2556.023188405797,8288.420289855072,1875.144927536232,0,262.1217391304348,-384.12753623188405,2719.3710144927536
21624.808695652173,0,178.95942028985507,261.00289855072464,-0.08985507246376812,769.2927536231884,5118.150724637681,2549.5072463768115,8288.226086956522,1875.0927536231884,0,262.0753623188406,-388.968115942029,2711.559420289855
21602.115942028984,0,178.99710144927536,261.2492753623188,-0.08115942028985507,769.4347826086956,5107.217391304348,2551.257971014493,8288.623188405798,1875.1130434782608,0,262.0782608695652,-395.0086956521739,2703.2347826086957
21581.127536231885,0,178.9913043478261,261.44347826086954,-0.07536231884057971,769.4144927536232,5095.588405797102,2551.336231884058,8284.576811594203,1874.9797101449276,0,262.13623188405796,-390.53333333333336,2693.269565217391
21556.91884057971,0,178.9913043478261,261.32173913043476,-0.07246376811594203,769.4376811594203,5082.23768115942,2550.1536231884056,8283.46956521739,1874.9710144927535,0,262.1304347826087,-387.968115942029,2682.246376811594
21535.86086956522,0,178.95072463768116,261.5188405797102,-0.08405797101449275,769.2927536231884,5072.991304347826,2550.4115942028984,8278.742028985507,1874.840579710145,0,262.04927536231884,-384.95072463768116,2672.098550724638
21521.620289855073,0,178.91884057971015,261.6231884057971,-0.07536231884057971,768.9130434782609,5057.330434782609,2551.3217391304347,8271.565217391304,1874.8666666666666,0,262.0782608695652,-368.5768115942029,2663.655072463768
21517.144927536232,0,178.90434782608696,261.6231884057971,-0.09855072463768116,768.5942028985507,5053.452173913043,2554.9101449275363,8262.394202898551,1874.6811594202898,0,262.03478260869565,-352.86376811594204,2653.513043478261
21574.1884057971,0,178.8695652173913,262.46086956521737,-0.05507246376811594,768.6173913043478,5074.939130434783,2586.2115942028986,8236.121739130434,1874.5536231884057,0,261.9623188405797,-314.3855072463768,2644.8927536231886
21626.020289855074,0,178.78550724637682,262.5826086956522,-0.06086956521739131,768.4144927536232,5083.475362318841,2608.046376811594,8218.533333333333,1874.3130434782609,0,262.42898550724635,-265.88695652173914,2635.3884057971013
21640.68695652174,0,178.80869565217392,262.4492753623188,-0.07536231884057971,768.3391304347826,5062.536231884058,2613.730434782609,8223.208695652174,1874.3101449275362,0,262.6347826086957,-230.5768115942029,2625.3217391304347
21653.124637681158,0,178.73333333333332,262.5275362318841,-0.08115942028985507,768.2753623188406,5037.950724637682,2622.840579710145,8237.944927536231,1874.3159420289855,0,262.60869565217394,-206.30144927536233,2614.3101449275364
21652.991304347826,0,178.69855072463767,262.41449275362316,-0.08695652173913043,768.3768115942029,5020.56231884058,2613.368115942029,8259.68115942029,1874.48115942029,0,262.6521739130435,-189.00579710144928,2601.8492753623186
21654.278260869567,0,178.6,262.2840579710145,-0.08695652173913043,768.4608695652174,4988.469565217391,2609.2202898550727,8286.15072463768,1874.51884057971,0,262.60289855072466,-165.08985507246376,2589.1478260869567
21679.77971014493,0,178.5855072463768,262.55652173913046,-0.0782608695652174,768.4811594202898,4959.686956521739,2616.985507246377,8315.97391304348,1874.4608695652173,0,262.5739130434783,-136.57971014492753,2577.133333333333
21707.089855072463,0,178.5855072463768,262.3478260869565,-0.0782608695652174,768.2347826086957,4925.298550724638,2624.7130434782607,8341.866666666667,1874.3797101449275,0,262.7739130434783,-97.50144927536232,2566.4695652173914
21723.953623188405,0,178.55942028985507,262.34492753623186,-0.0782608695652174,768.1652173913044,4884.733333333334,2628.342028985507,8372.742028985507,1874.3884057971015,0,262.8086956521739,-65.25797101449275,2557.205797101449
21749.74492753623,0,178.72173913043477,262.42898550724635,-0.09855072463768116,768.0550724637682,4857.878260869566,2634.9246376811593,8401.507246376812,1874.249275362319,0,262.6608695652174,-40.74782608695652,2550.1652173913044
21781.579710144928,0,178.64057971014492,262.82608695652175,-0.10144927536231885,767.1623188405797,4867.585507246376,2600.6405797101447,8424.982608695653,1874.2202898550725,0,262.7826086956522,0.19130434782608696,2542.649275362319
21831.953623188405,0,178.49855072463768,263.231884057971,-0.09855072463768116,766.5710144927536,4957.910144927536,2495.4608695652173,8443.968115942029,1874.121739130435,0,262.9768115942029,55.585507246376814,2533.727536231884
21986.544927536233,0,178.368115942029,264.3014492753623,-0.06376811594202898,766.7942028985507,5011.150724637681,2508.959420289855,8432.742028985507,1874.2840579710146,0,264.5594202898551,158.9536231884058,2526.495652173913
22122.77391304348,0,178.26956521739132,264.9623188405797,-0.04927536231884058,766.8173913043478,5044.423188405797,2551.3797101449277,8408.808695652175,1874.0869565217392,0,269.6057971014493,247.5072463768116,2516.96231884058
22188.484057971014,0,178.16811594202898,265.3246376811594,-0.057971014492753624,766.9217391304347,5017.057971014493,2557.5420289855074,8429.28115942029,1874.1478260869565,0,270.87246376811595,322.4115942028985,2506.814492753623
22255.863372093023,0,178.2674418604651,266.11918604651163,-0.05813953488372093,767.0058139534884,4966.232558139535,2568.6627906976746,8467.71511627907,1878.2732558139535,0,271.2470930232558,389.6598837209302,2502.7383720930234
22302.75,0,178.14825581395348,266.38081395348837,-0.06686046511627906,767.0639534883721,4953.136627906977,2570.3023255813955,8517.662790697674,1878.389534883721,0,271.21802325581393,408.32848837209303,2492.186046511628
22346.066860465115,0,178.17151162790697,266.1162790697674,-0.06686046511627906,766.9331395348837,4911.331395348837,2573.4331395348836,8568.517441860466,1878.4418604651162,0,271.2238372093023,449.28779069767444,2482.6773255813955
22433.44476744186,0,178.0843023255814,266.30523255813955,-0.061046511627906974,767.1947674418604,4885.220930232558,2587.029069767442,8618.581395348838,1878.6220930232557,0,271.05232558139534,509.84593023255815,2471.5697674418607
22511.89534883721,0,178.09302325581396,266.3168604651163,-0.06686046511627906,767.1656976744187,4850.8808139534885,2600.718023255814,8655.872093023256,1878.639534883721,0,271.2325581395349,583.5087209302326,2459.5348837209303
22560.552325581397,0,178.05523255813952,266.53197674418607,-0.06395348837209303,766.9505813953489,4790.898255813953,2604.2936046511627,8693.473837209302,1878.8168604651162,0,271.2848837209302,663.453488372093,2446.857558139535
22616.683139534885,0,177.9418604651163,266.9331395348837,-0.09593023255813954,766.8517441860465,4749.735465116279,2613.5232558139537,8732.273255813954,1879.0901162790697,0,271.20348837209303,725.8052325581396,2433.421511627907
22681.4011627907,0,177.77906976744185,268.3837209302326,-0.10174418604651163,766.8081395348837,4713.843023255814,2619.470930232558,8768.828488372093,1879.2936046511627,0,271.26453488372096,795.5523255813954,2420.279069767442
22773.426086956522,0,177.61159420289854,270.72463768115944,-0.12753623188405797,766.5971014492753,4691.04347826087,2622.710144927536,8809.588405797102,1875.1478260869565,0,270.8898550724638,887.7971014492754,2401.4434782608696
23040.69275362319,0,177.3913043478261,273.263768115942,-0.06086956521739131,767.0144927536232,4694,2669.4202898550725,8830.889855072464,1875.144927536232,0,270.9014492753623,1093.072463768116,2389.655072463768
23249.628985507246,0,177.31884057971016,273.79420289855074,-0.08115942028985507,766.8811594202898,4629.313043478261,2707.2347826086957,8830.27536231884,1875.0086956521739,0,272.5275362318841,1337.6985507246377,2379.657971014493
23347.704347826086,0,177.13623188405796,273.7391304347826,-0.10434782608695652,766.7420289855072,4527.411594202898,2715.3072463768117,8847.823188405797,1875.2376811594204,0,272.4463768115942,1524.9913043478261,2366.973913043478
23443.383720930233,0,177.13662790697674,274.36337209302326,-0.11337209302325581,766.8255813953489,4461.145348837209,2717.264534883721,8872.43023255814,1879.7616279069769,0,272.5436046511628,1660.9622093023256,2361.063953488372
23520.683139534885,0,177.0639534883721,274.51162790697674,-0.1308139534883721,766.7151162790698,4448.171511627907,2706.6308139534885,8897.857558139534,1880.218023255814,0,272.46802325581393,1751.0261627906978,2346.1511627906975
23581.491279069767,0,177.03197674418604,274.4593023255814,-0.13372093023255813,766.3226744186046,4400.171511627907,2696.5087209302324,8905.526162790698,1880.360465116279,0,272.3982558139535,1877.906976744186,2330.938953488372
23669.23546511628,0,176.99127906976744,274.6744186046512,-0.1308139534883721,766.1918604651163,4351.962209302325,2698.0232558139537,8897.57558139535,1880.5523255813953,0,272.2761627906977,2039.25,2311.8691860465115
23756.85465116279,0,176.9360465116279,274.48546511627904,-0.13372093023255813,766.1162790697674,4295.383720930233,2696.3720930232557,8875.529069767443,1880.5261627906978,0,272.3343023255814,2225.7616279069766,2293.5436046511627
23812.017441860466,0,176.84011627906978,274.44476744186045,-0.15406976744186046,765.9883720930233,4220.517441860465,2681.8837209302324,8846.915697674418,1880.639534883721,0,272.43023255813955,2419.2587209302324,2273.2529069767443
23882.717201166182,0,176.8921282798834,274.66472303206996,-0.15160349854227406,765.5685131195336,4157.376093294461,2668.874635568513,8817.320699708454,1879.4868804664723,0,272.17784256559764,2625.8454810495627,2244.661807580175
23932.839650145772,0,176.71428571428572,274.6793002915452,-0.13702623906705538,765.6472303206997,4059.1720116618076,2640.9154518950436,8765.137026239066,1879.6472303206997,0,272.07580174927114,2876.816326530612,2222.1720116618076
23990.91884057971,0,176.5391304347826,274.5275362318841,-0.1246376811594203,765.5710144927536,3911.1971014492756,2567.489855072464,8692.373913043479,1876.5159420289856,0,271.88695652173914,3252.4115942028984,2202.5304347826086
24208.982608695653,0,176.42028985507247,275.3072463768116,-0.03768115942028986,765.5246376811594,3887.3971014492754,2452.7710144927537,8595.330434782609,1876.5478260869565,0,270.1391304347826,3722.776811594203,2186.805797101449
24368.452173913043,0,176.19710144927535,275.11304347826086,-0.08115942028985507,764.7971014492754,3744.2985507246376,2400.8231884057973,8507.860869565216,1876.4289855072464,0,269.0231884057971,4181.440579710145,2172.550724637681
24421.544927536233,0,176.08695652173913,274.9246376811594,-0.09855072463768116,764.5565217391304,3562.402898550725,2374.0666666666666,8425.16231884058,1876.486956521739,0,268.55652173913046,4542.391304347826,2157.008695652174
24456.765217391305,0,176.1072463768116,274.9768115942029,-0.08695652173913043,764.2869565217392,3438.136231884058,2345.973913043478,8296.79420289855,1876.4840579710144,0,268.41449275362316,4873.869565217391,2141.808695652174
24468.376811594204,0,175.9159420289855,275.08985507246376,-0.1072463768115942,764.0927536231884,3322.1623188405797,2301.391304347826,8175.48695652174,1876.736231884058,0,268.29855072463766,5184.002898550724,2125.3072463768117
24473.434782608696,0,175.92463768115942,275.0289855072464,-0.11014492753623188,764.0173913043478,3205.7130434782607,2262.046376811594,8059.171014492754,1876.791304347826,0,268.1942028985507,5480.965217391305,2105.6927536231883
24477.834782608697,0,175.94202898550725,275.168115942029,-0.1072463768115942,763.8782608695652,3067.423188405797,2234.4289855072466,7906.385507246377,1876.959420289855,0,268.18840579710144,5825.753623188406,2083.814492753623
24483.634782608697,0,175.9391304347826,275.1855072463768,-0.11884057971014493,763.7217391304348,2918.808695652174,2205.8260869565215,7767.382608695652,1876.9855072463768,0,268.2144927536232,6168.031884057971,2063.657971014493
24467.339130434782,0,175.9449275362319,275.4086956521739,-0.12173913043478261,763.3768115942029,2763.6115942028987,2177.8347826086956,7657.040579710145,1877.0347826086957,0,268.22898550724636,6463.733333333334,2045.2463768115942
24444.936231884058,0,175.86666666666667,275.39130434782606,-0.11014492753623188,762.640579710145,2627.5797101449275,2155.113043478261,7520.779710144928,1877.1333333333334,0,268.28985507246375,6754.602898550725,2027.6492753623188
24421.423188405795,0,175.77391304347827,275.4782608695652,-0.09855072463768116,762.1478260869566,2450.550724637681,2115.063768115942,7393.36231884058,1877.104347826087,0,268.36811594202896,7093.808695652174,2009.863768115942
24419.310144927535,0,175.85797101449276,275.51014492753626,-0.09565217391304348,762.1304347826087,2211.098550724638,2045.4927536231885,7280.707246376812,1877.3072463768117,0,268.3014492753623,7527.689855072464,1995.3101449275362
24574.515942028986,0,175.73043478260868,275.9159420289855,-0.06086956521739131,761.7913043478261,2159.721739130435,1908.6057971014493,7108.733333333334,1877.336231884058,0,266.9826086956522,8050.321739130435,1989.4376811594202
24639.20579710145,0,175.67536231884057,275.463768115942,-0.0782608695652174,761.4347826086956,1984.2115942028986,1828.4927536231885,6939.246376811594,1877.4173913043478,0,264.4782608695652,8551.278260869565,1981.585507246377
24628.82608695652,0,175.64347826086956,275.77101449275364,-0.09855072463768116,760.9391304347826,1805.0289855072465,1798.8753623188406,6813.211594202899,1877.4666666666667,0,263.8608695652174,8889.55652173913,1968.5710144927536
24607.976811594202,0,175.71014492753622,275.6289855072464,-0.09855072463768116,760.5739130434782,1735.7594202898551,1763.6144927536232,6677.43768115942,1877.5942028985507,0,263.60869565217394,9122.93043478261,1955.2173913043478
24560.455072463767,0,175.74202898550723,275.5304347826087,-0.06376811594202898,760.4376811594203,1646.4521739130435,1732.623188405797,6553.640579710145,1877.7565217391304,0,263.5826086956522,9332.173913043478,1942.5797101449275
24508.197101449274,0,175.64927536231883,275.37391304347824,-0.08115942028985507,760.176811594203,1555.1188405797102,1707.7420289855072,6482.121739130434,1877.7710144927537,0,263.45217391304345,9481.730434782608,1929.1420289855073
24474.614492753622,0,175.6,275.6753623188406,-0.0782608695652174,759.927536231884,1474.927536231884,1686.1710144927536,6429.973913043478,1877.8753623188406,0,263.30434782608694,9613.379710144927,1917.8579710144927
24432.88115942029,0,175.57391304347826,275.6376811594203,-0.09855072463768116,759.8492753623188,1394.121739130435,1657.672463768116,6378.959420289855,1877.9710144927535,0,263.23478260869564,9743.321739130435,1906.6376811594203
24373.88695652174,0,175.50144927536232,275.5304347826087,-0.09855072463768116,759.6666666666666,1301.7333333333333,1638.127536231884,6341.855072463768,1877.9623188405797,0,263.2376811594203,9844.08695652174,1896.2840579710146
24314.2231884058,0,175.5391304347826,275.495652173913,-0.10434782608695652,759.5014492753623,1210.3710144927536,1617.1623188405797,6311.971014492754,1878.0521739130436,0,263.2782608695652,9935.83188405797,1887.1246376811594
24247.602898550726,0,175.4,275,-0.09855072463768116,759.2985507246377,1086.8,1596.7652173913043,6278.292753623188,1878.0028985507247,0,263.3536231884058,10058,1876.7884057971014
24182.529069767443,0,175.4622093023256,274.5901162790698,-0.0872093023255814,759.0930232558139,944.8808139534884,1561.0639534883721,6239.813953488372,1876.9767441860465,0,263.1598837209302,10220.988372093023,1866.5872093023256
24220.531976744187,0,175.34302325581396,275.28779069767444,-0.06976744186046512,759.0174418604652,950.5406976744187,1495.5494186046512,6153.5,1876.9563953488373,0,260.8779069767442,10408.087209302326,1865.4418604651162
24192.345930232557,0,175.29360465116278,274.9912790697674,-0.09302325581395349,758.7906976744187,876.5406976744187,1450.1802325581396,6034.799418604651,1876.906976744186,0,256.6424418604651,10624.276162790698,1864.0174418604652
24118.691860465115,0,175.20058139534885,275.01162790697674,-0.08139534883720931,758.4040697674419,758.9447674418604,1432.656976744186,5972.427325581395,1876.9127906976744,0,255.61627906976744,10755.912790697674,1857.6860465116279
24042.363372093023,0,175.1918604651163,275.0406976744186,-0.08139534883720931,758.0319767441861,710.3517441860465,1416.8866279069769,5933.252906976744,1876.9418604651162,0,255.42732558139534,10788.491279069767,1852.828488372093
23960.825581395347,0,175.1889534883721,275.2906976744186,-0.06686046511627906,757.7412790697674,648.7616279069767,1396.1773255813953,5905.779069767442,1876.9098837209303,0,255.46511627906978,10822.328488372093,1847.25
23875.19476744186,0,175.23546511627907,275.3837209302326,-0.06395348837209303,757.2877906976744,596.7529069767442,1376.2703488372092,5892.779069767442,1876.9447674418604,0,255.4389534883721,10828.872093023256,1840.2936046511627
23793.133720930233,0,175.2674418604651,275.77906976744185,-0.08430232558139535,757.1046511627907,537.7005813953489,1366.8633720930231,5889.985465116279,1876.9302325581396,0,255.49418604651163,10828.165697674418,1829.9273255813953
23723.64534883721,0,175.34883720930233,275.7238372093023,-0.09011627906976744,756.8255813953489,476.92151162790697,1357.5290697674418,5878.561046511628,1876.8343023255813,0,255.43023255813952,10851.962209302326,1818.5988372093022
23640.586005830904,0,175.42565597667638,276.01749271137027,-0.07871720116618076,756.3265306122449,409.06997084548107,1351.591836734694,5854.798833819242,1881.0758017492712,0,255.59766763848395,10865.218658892129,1815.5422740524782
23562.282798833818,0,175.3935860058309,276.05539358600583,-0.09037900874635568,755.7026239067055,354.7405247813411,1344.145772594752,5838.825072886298,1880.9241982507288,0,255.62390670553935,10873.28279883382,1807.6793002915451
23486.667638483967,0,175.4139941690962,275.7113702623907,-0.08454810495626822,755.1137026239068,288.0320699708455,1336.072886297376,5815.997084548105,1880.9183673469388,0,255.6734693877551,10902.734693877552,1801.0845481049562
23432.476878612717,0,175.3815028901734,275.2630057803468,-0.09826589595375723,755.1560693641618,210.90173410404626,1319.4190751445087,5817.303468208092,1878.950867052023,0,255.4508670520231,10948.306358381504,1796.442196531792
23415.72543352601,0,175.4450867052023,275.8265895953757,-0.07225433526011561,755.1820809248555,274.78034682080926,1302.7543352601156,5812.5809248554915,1878.528901734104,0,254.66184971098266,10888.398843930636,1797.6387283236995
23390,0,175.3612716763006,275.742774566474,-0.07514450867052024,754.9971098265896,258.71676300578036,1295.2832369942196,5796.375722543353,1878.5144508670521,0,252.9942196531792,10904.673410404625,1797.4161849710983
23330.78612716763,0,175.14450867052022,276.1184971098266,-0.09248554913294797,754.4682080924855,185.49132947976878,1293.2832369942196,5781.398843930636,1878.5462427745665,0,252.35549132947978,10938.93352601156,1795.1387283236995
23275.005780346823,0,175.14450867052022,276.2774566473988,-0.07514450867052024,754.3815028901735,144.6242774566474,1293.078034682081,5771.196531791908,1878.3179190751446,0,252.08959537572255,10936.35549132948,1793.6156069364163
23200.84682080925,0,175.29190751445086,276.53757225433526,-0.06069364161849711,754.193641618497,94.82080924855491,1277.4566473988439,5757.158959537573,1878.742774566474,0,252.1936416184971,10945.763005780347,1788.7485549132948
23134.106936416185,0,175.27456647398844,276.66184971098266,-0.07225433526011561,753.956647398844,47.421965317919074,1263.3699421965318,5747.777456647399,1878.7312138728323,0,252.26300578034682,10956.234104046243,1782.4884393063585
23055.106936416185,0,175.3121387283237,277.52601156069363,-0.07514450867052024,753.9971098265896,1.9017341040462428,1260.063583815029,5739.7658959537575,1878.7254335260116,0,252.1878612716763,10937.338150289017,1778.364161849711
23010.806358381502,0,175.39017341040463,277.3728323699422,-0.08959537572254335,753.9017341040462,-40.75433526011561,1257.436416184971,5736.4190751445085,1878.7196531791908,0,252.23121387283237,10947.254335260115,1772.9248554913295
22962.109826589596,0,175.4450867052023,277.14739884393066,-0.08670520231213873,753.6965317919075,-98.84971098265896,1254.1820809248554,5743.346820809248,1878.7601156069363,0,252.2456647398844,10955.549132947977,1770.6734104046243
22906.63294797688,0,175.4971098265896,277.0578034682081,-0.07803468208092486,753.2052023121387,-144.46531791907515,1248,5742.341040462427,1878.6098265895953,0,252.33526011560693,10954.101156069364,1770.028901734104
22861.054913294796,0,175.4479768786127,276.4421965317919,-0.07225433526011561,753.2109826589596,-196.77745664739885,1239.2976878612717,5735.5115606936415,1878.5028901734104,0,252.3121387283237,10976.42774566474,1770.7514450867052
22813.521613832854,0,175.4207492795389,276.19308357348706,-0.0893371757925072,752.7521613832853,-247.36023054755043,1219.9596541786743,5728.49855907781,1879.5907780979828,0,252.2420749279539,11005.302593659942,1771.0115273775216
22785.749279538904,0,175.4063400576369,276.19308357348706,-0.07780979827089338,752.821325648415,-199.10951008645534,1195.6887608069164,5726.974063400577,1879.5475504322767,0,251.7521613832853,10950.077809798271,1776.4755043227665
22772.72910662824,0,175.43227665706053,275.90489913544667,-0.0893371757925072,752.7953890489914,-196.0057636887608,1180.4034582132565,5705.28530259366,1879.4322766570606,0,251.34005763688762,10969.190201729107,1779.0403458213257
22741.688760806916,0,175.44668587896254,276.0749279538905,-0.08357348703170028,752.7118155619596,-253.8155619596542,1177.3515850144092,5695.550432276657,1879.3515850144092,0,251.46397694524495,11009.616714697406,1778.0201729106627
22716.43804034582,0,175.4207492795389,276.1152737752161,-0.1037463976945245,752.3717579250721,-279.8299711815562,1178.3659942363113,5692.35734870317,1879.2622478386168,0,251.53602305475505,11012.008645533142,1778.9337175792507
22681.974063400576,0,175.45244956772333,276.328530259366,-0.07204610951008646,752.1613832853026,-330.01440922190204,1168.4034582132565,5683.4265129683,1879.2190201729106,0,251.56772334293947,11046.971181556197,1778.5302593659942
22667.93083573487,0,175.39769452449568,275.8472622478386,-0.07780979827089338,751.6023054755043,-369.12391930835736,1156.487031700288,5689.659942363112,1879.1757925072045,0,251.53890489913545,11077.077809798271,1780.3458213256483
22641.63688760807,0,175.37752161383284,275.700288184438,-0.06340057636887608,751.4178674351585,-406.61095100864554,1152.3890489913545,5695.080691642651,1879.135446685879,0,251.49279538904898,11084.812680115274,1782.9048991354466
22644.93948126801,0,175.36599423631125,275.8328530259366,-0.08357348703170028,751.4553314121038,-440.60518731988475,1148.64265129683,5701.951008645533,1878.994236311239,0,251.4841498559078,11115.755043227666,1786.1469740634006
22638.172910662823,0,175.45533141210376,275.8242074927954,-0.07780979827089338,751.342939481268,-498.3746397694525,1145.685878962536,5710.057636887608,1878.8616714697407,0,251.4841498559078,11159.391930835734,1788.521613832853
22641.268011527376,0,175.60806916426512,275.5821325648415,-0.08069164265129683,750.9654178674351,-545.9711815561959,1148.4841498559078,5721.757925072046,1878.7435158501441,0,251.54178674351584,11192.92507204611,1791.7118155619596
22639.86455331412,0,175.70893371757924,275.3256484149856,-0.09221902017291066,751.1296829971182,-582.8616714697406,1149.371757925072,5722.536023054755,1878.6685878962537,0,251.6512968299712,11223.276657060518,1795.1498559077809
22631.416184971098,0,175.67919075144508,275.1300578034682,-0.11560693641618497,750.8179190751445,-628.8236994219653,1146.320809248555,5700.098265895954,1877.586705202312,0,251.70231213872833,11286.49421965318,1796.5260115606936
22627.881502890174,0,175.76300578034682,275.21387283236993,-0.11271676300578035,750.8468208092486,-595.6156069364162,1155.5173410404625,5699.158959537573,1877.4739884393064,0,251.6936416184971,11229.14450867052,1808.7976878612717
22653.543352601155,0,175.742774566474,275.02601156069363,-0.09826589595375723,750.806358381503,-591.9624277456647,1161.3439306358382,5693.8497109826585,1877.4017341040462,0,252.01445086705203,11240.569364161849,1818.849710982659
22660.58092485549,0,175.5520231213873,274.9161849710983,-0.09826589595375723,750.2861271676301,-648.8439306358382,1163.3670520231215,5690.112716763006,1877.421965317919,0,251.9942196531792,11301.375722543353,1824.4971098265896
22672.768786127166,0,175.66763005780348,274.9364161849711,-0.10404624277456648,749.8554913294797,-682.8959537572255,1172.263005780347,5686.346820809248,1877.5,0,252.0693641618497,11335.398843930636,1831.7312138728323
22689.031791907513,0,175.7601156069364,275.03757225433526,-0.09826589595375723,749.6098265895954,-723.1184971098265,1160.5,5683.332369942196,1877.578034682081,0,252.10693641618496,11397.158959537572,1841.1647398843932
22713.44797687861,0,175.72832369942196,275.26878612716763,-0.09826589595375723,749.5028901734104,-762.3179190751445,1151.413294797688,5691.624277456647,1877.5693641618498,0,252.20809248554914,11455.150289017341,1847.3988439306358
22736.526011560694,0,175.72832369942196,275.3670520231214,-0.08670520231213873,749.4219653179191,-791.6416184971098,1149.5115606936415,5704.280346820809,1877.6445086705203,0,252.15028901734104,11488.64450867052,1855.5057803468208
22776.861271676302,0,175.78901734104045,275.5693641618497,-0.08670520231213873,749.150289017341,-804.3901734104046,1150.578034682081,5716.921965317919,1877.8439306358382,0,252.18208092485548,11522.349710982659,1860.9537572254335
22815.78612716763,0,175.8815028901734,275.59248554913296,-0.07225433526011561,749.4450867052024,-845.8179190751445,1154.2023121387283,5729.0809248554915,1877.8323699421965,0,252.23121387283237,11578.127167630058,1869.2832369942196
22855.99132947977,0,175.88728323699422,275.38439306358384,-0.0838150289017341,749.5028901734104,-893.6734104046243,1159.621387283237,5740.800578034682,1878.106936416185,0,252.13294797687863,11637.973988439306,1880.3381502890174
22913.612716763007,0,175.7601156069364,275.08092485549133,-0.09826589595375723,749.4682080924855,-908.1763005780347,1163.1329479768785,5760.404624277457,1878.063583815029,0,252.0549132947977,11677.745664739885,1890.1763005780347
22973.138728323698,0,175.78901734104045,274.9306358381503,-0.12716763005780346,749.3554913294797,-921.664739884393,1168.1560693641618,5778.037572254335,1878.1763005780347,0,252.0722543352601,11718.658959537572,1899.7543352601156
23003.193641618498,0,175.91329479768785,275.2630057803468,-0.1329479768786127,749.3554913294797,-856.1156069364162,1199.9017341040462,5767.64450867052,1878.086705202312,0,252.06069364161849,11650.708092485549,1910.5086705202311
23074.054913294796,0,175.98843930635837,275.41907514450867,-0.1329479768786127,749.3294797687861,-823.9595375722544,1211.9971098265896,5765.6734104046245,1878.2254335260116,0,252.3063583815029,11667.390173410404,1921.8179190751446
23129.453757225434,0,175.91329479768785,275.1820809248555,-0.11560693641618497,749.028901734104,-840.4335260115607,1216.1156069364163,5765.687861271676,1878.257225433526,0,252.4450867052023,11725.017341040462,1932.3554913294797
23187.28323699422,0,175.97687861271677,274.9248554913295,-0.10404624277456648,748.7832369942197,-867.2601156069364,1224.8728323699422,5766.367052023122,1878.393063583815,0,252.4450867052023,11790.179190751445,1942.7052023121387
23245.820809248555,0,175.9479768786127,274.83815028901734,-0.08959537572254335,748.7225433526012,-906.4017341040462,1221.057803468208,5757.835260115607,1878.6473988439307,0,252.35838150289018,11887.156069364162,1955.7485549132948
23321.71676300578,0,175.97109826589596,274.5751445086705,-0.10982658959537572,748.2572254335261,-946.1763005780347,1216.4450867052024,5778.054913294798,1878.8843930635837,0,252.33236994219652,11975.985549132947,1967.4971098265896
23387.12427745665,0,175.83236994219652,274.6300578034682,-0.11560693641618497,748.1300578034682,-966.3872832369942,1218.4306358381502,5813.294797687861,1879.1098265895953,0,252.17341040462426,12012.971098265896,1979.0549132947976
23462.390173410404,0,175.89884393063585,274.46242774566474,-0.12427745664739884,748.3265895953757,-983.3901734104046,1222.3988439306358,5843.095375722543,1879.329479768786,0,252.02023121387282,12056.043352601157,1994.329479768786
23535.095375722543,0,175.86994219653178,274.8728323699422,-0.13583815028901733,748.4335260115607,-1007.9190751445087,1226.8468208092486,5862.817919075144,1879.4653179190752,0,251.91040462427745,12116.560693641619,2006.3728323699422
23617.739884393064,0,175.9306358381503,274.82369942196533,-0.14739884393063585,748.514450867052,-1044.3757225433526,1232.9855491329479,5889.184971098266,1879.635838150289,0,251.82080924855492,12188.50578034682,2020.8612716763005
23707.335260115608,0,175.8612716763006,274.70520231213874,-0.1416184971098266,748.4884393063584,-1055.0549132947976,1239.771676300578,5924.063583815029,1879.8265895953757,0,251.8092485549133,12231.263005780347,2036.742774566474
23781.156069364162,0,175.89306358381504,274.64161849710985,-0.1416184971098266,748.5578034682081,-1044.9826589595375,1250.6445086705203,5956.78323699422,1880.0751445086705,0,251.71676300578034,12236.583815028902,2051.384393063584
23820.887283236993,0,175.8612716763006,274.9653179190751,-0.12427745664739884,748.6965317919075,-955.1849710982659,1315.8323699421965,5979.5115606936415,1879.7658959537573,0,251.92196531791907,12088.5,2061.14161849711
23897.395953757226,0,175.9364161849711,274.757225433526,-0.12716763005780346,748.7976878612717,-911.9682080924855,1345.9450867052024,5987.187861271676,1879.8063583815028,0,252.89017341040463,12068.511560693642,2075.658959537572
23981.667630057804,0,175.8728323699422,274.65606936416185,-0.11849710982658959,748.9739884393064,-916.806358381503,1357.586705202312,5994.780346820809,1879.950867052023,0,253.2398843930636,12122.057803468208,2091.473988439306
24077.098265895955,0,175.96242774566474,274.62138728323697,-0.10404624277456648,748.9682080924855,-937.4277456647399,1375.9682080924856,6014.1040462427745,1880.0260115606936,0,253.2514450867052,12187.57514450867,2104.1531791907514
24177.164739884392,0,176.01445086705203,274.58092485549133,-0.09826589595375723,749.1242774566474,-973.9508670520231,1371.9624277456646,6053.736994219653,1880.5173410404625,0,253.35838150289018,12273.79479768786,2118.124277456647
24276.77456647399,0,176.06069364161849,274.3699421965318,-0.1069364161849711,749.1098265895954,-1000.8034682080925,1368.742774566474,6117.861271676301,1880.563583815029,0,253.34682080924856,12326.239884393064,2131.3901734104047
24367.407514450868,0,175.98554913294797,274.5202312138728,-0.09826589595375723,748.8612716763006,-999.4913294797688,1380.4768786127167,6172.7341040462425,1880.6184971098266,0,253.19942196531792,12335.170520231213,2145.4306358381505
24478.066473988438,0,176.01156069364163,274.5202312138728,-0.10115606936416185,748.9248554913295,-997.8179190751445,1390.1242774566474,6232.445086705202,1880.7196531791908,0,253.07514450867052,12356.326589595375,2163.8381502890174
24562.16811594203,0,176.08115942028985,274.3768115942029,-0.11014492753623188,748.8608695652174,-1011.568115942029,1391.255072463768,6295.266666666666,1879.727536231884,0,252.99710144927536,12379.747826086956,2175.5333333333333
24683.63188405797,0,176.14202898550724,274.29855072463766,-0.11884057971014493,748.8695652173913,-1046.3710144927536,1409.823188405797,6361.811594202899,1879.7478260869566,0,253.04927536231884,12435.359420289855,2191.0202898550724
24804.385507246378,0,176.04347826086956,274.1768115942029,-0.11594202898550725,748.8695652173913,-1036.8289855072464,1422.1130434782608,6436.379710144927,1879.8492753623188,0,252.9304347826087,12449.640579710145,2201.327536231884
24964.374639769452,0,176.18731988472624,274.0806916426513,-0.1729106628242075,749.2219020172911,-964.0086455331412,1453.4697406340058,6559.913544668588,1882.1757925072045,0,252.835734870317,12359.371757925072,2221.2997118155617
25002.70028818444,0,176.2507204610951,274.2305475504323,-0.16138328530259366,749.4121037463977,-834.749279538905,1548.8559077809798,6606.890489913545,1882.0259365994236,0,253.84726224783861,12112.066282420748,2234.0317002881843
25083.968299711814,0,176.1729106628242,274.299711815562,-0.1642651296829971,749.6311239193084,-711.8040345821325,1600.1671469740634,6616.680115273775,1882.077809798271,0,259.12680115273776,11994.193083573487,2243.587896253602
25211.99423631124,0,176.10374639769452,274.3256484149856,-0.138328530259366,749.806916426513,-667.5878962536023,1621.1181556195966,6668.726224783862,1882.086455331412,0,260.98270893371756,11986.737752161383,2259.8328530259364
25346.325648414986,0,176.23342939481267,274.4149855907781,-0.11815561959654179,749.8097982708933,-682.6368876080692,1646.835734870317,6737.922190201729,1882.0115273775216,0,261.28530259365994,12019.99711815562,2280.57060518732
25489.348703170028,0,176.31123919308357,274.69452449567723,-0.138328530259366,749.7463976945245,-658.2824207492796,1652.0115273775216,6841.7867435158505,1881.994236311239,0,261.38904899135446,12010.190201729107,2299.6455331412103
25634.086455331413,0,176.36887608069165,274.94812680115274,-0.13256484149855907,749.8991354466859,-649.8703170028818,1658.0489913544668,6970.902017291066,1881.985590778098,0,261.507204610951,11995.262247838617,2315.1671469740636
25751.79827089337,0,176.3487031700288,275.2968299711816,-0.13544668587896252,749.8876080691642,-623.9942363112392,1675.6023054755044,7105.706051873199,1881.9048991354466,0,261.4121037463977,11920.472622478386,2329.2968299711815
25889.146974063402,0,176.44668587896254,275.36023054755043,-0.14985590778097982,750,-587.014409221902,1692.4841498559078,7245.383285302593,1881.8760806916428,0,261.1729106628242,11847.412103746397,2346.1757925072047
26019.05202312139,0,176.58381502890174,275.35260115606934,-0.1329479768786127,750.0317919075145,-554.6878612716763,1704.6156069364163,7383.771676300578,1880.8468208092486,0,261.13583815028903,11782.956647398843,2358.578034682081
26174.14450867052,0,176.67919075144508,275.1329479768786,-0.1329479768786127,750.2919075144508,-541.5953757225434,1722.2745664739884,7521.841040462427,1880.7601156069363,0,261.1791907514451,11748.791907514451,2378.921965317919
26319.832369942196,0,176.59826589595374,275.4508670520231,-0.13872832369942195,750.4393063583815,-492.26589595375725,1748.9624277456646,7658.514450867052,1880.921965317919,0,261.09537572254334,11664.407514450868,2395.8468208092486
26468.79827089337,0,176.63976945244957,275.38328530259366,-0.14697406340057637,750.5043227665706,-345.28818443804033,1834.5878962536024,7797.204610951008,1881.8616714697407,0,261.299711815562,11424.109510086455,2412.64265129683
26396.15850144092,0,176.78674351585013,276.4899135446686,-0.1786743515850144,750.8270893371758,-98.65417867435158,2037.608069164265,7864.322766570605,1881.579250720461,0,263.1757925072046,10821.092219020173,2423.1095100864554
26462.22766570605,0,177.04899135446686,276.6541786743516,-0.1440922190201729,751.5158501440923,93.80403458213256,2132.576368876081,7904.317002881844,1881.7233429394812,0,268.61383285302594,10540.723342939482,2435.394812680115
26612.187319884728,0,177.00864553314122,276.80691642651294,-0.12968299711815562,751.64265129683,167.60230547550432,2167.28530259366,7999.942363112392,1881.7809798270894,0,269.86743515850145,10474.749279538904,2445.6311239193083
26780.91930835735,0,177.11527377521614,276.9135446685879,-0.138328530259366,751.4726224783861,128.6628242074928,2210.4899135446685,8129.28530259366,1881.8559077809798,0,270.2449567723343,10495.308357348704,2459.7089337175794
26954.92219020173,0,177.10662824207492,277.0893371757925,-0.10951008645533142,751.6512968299712,142.96829971181558,2236.8876080691643,8262.184438040345,1881.9365994236312,0,270.5014409221902,10476.253602305476,2478.4524495677233
27128.769452449567,0,177.10086455331412,276.7752161383285,-0.1239193083573487,751.6801152737752,152.850144092219,2253.815561959654,8396.435158501441,1881.9365994236312,0,270.64841498559076,10472.979827089337,2494.671469740634
27291.804034582132,0,177.0893371757925,276.6974063400576,-0.13256484149855907,751.893371757925,206.45821325648416,2275.9250720461096,8532.193083573487,1881.899135446686,0,270.628242074928,10409.35446685879,2509.798270893372
27462.51873198847,0,177.11527377521614,276.7550432276657,-0.15273775216138327,752.1613832853026,289.1066282420749,2297.812680115274,8658.193083573487,1881.9481268011527,0,270.60806916426515,10331.99711815562,2526.974063400576
27637.536023054756,0,177.21037463976944,276.5994236311239,-0.13544668587896252,752.0345821325649,325.1757925072046,2318.956772334294,8790.78962536023,1881.9827089337175,0,270.68011527377524,10298.573487031701,2545.6685878962535
27819.881844380405,0,177.23054755043228,276.5821325648415,-0.12103746397694524,751.9510086455332,334.8876080691643,2351.048991354467,8938.57060518732,1881.9682997118155,0,270.6628242074928,10275.458213256485,2561.64265129683
27991.469740634006,0,177.19884726224785,276.57636887608066,-0.12968299711815562,752.1757925072046,399.90489913544667,2388.9164265129684,9062.682997118156,1881.9913544668589,0,270.60518731988475,10206.910662824208,2574.636887608069
28135.475504322767,0,177.30259365994237,276.04899135446686,-0.13256484149855907,752.2449567723343,553.7838616714697,2473.3544668587897,9169.204610951008,1882.0893371757925,0,270.8414985590778,9997.77809798271,2582.9596541786746
28144.553314121036,0,177.43227665706053,275.4870317002882,-0.13544668587896252,752.835734870317,790.5965417867435,2665.178674351585,9226.409221902017,1882.086455331412,0,271.9596541786743,9511.78962536023,2590.9135446685877
28231.605187319885,0,177.60806916426512,275.38040345821327,-0.13256484149855907,753.3025936599423,1011.5475504322767,2748.21613832853,9245.383285302594,1882.2391930835736,0,273.95100864553314,9259.299711815562,2604.809798270893
28380.432276657062,0,177.65994236311238,275.0662824207493,-0.12968299711815562,753.7809798270894,1138.5043227665706,2777.6541786743514,9339.971181556197,1882.406340057637,0,274.38904899135446,9141.896253602305,2619.233429394813
28548.734870317003,0,177.78962536023056,275.1729106628242,-0.13256484149855907,754.2161383285303,1151.720461095101,2832.4985590778097,9475.801152737753,1882.5100864553315,0,274.68011527377524,9086.965417867435,2637.5129682997117
28705.06051873199,0,177.8270893371758,275.23919308357347,-0.12103746397694524,754.8616714697406,1175.1757925072045,2863.7896253602307,9605.890489913545,1882.5878962536024,0,274.93659942363115,9034.93659942363,2659.936599423631
28854.9855907781,0,177.90201729106627,275.53602305475505,-0.1239193083573487,755.3976945244957,1201.7723342939482,2887.991354466859,9736.585014409222,1882.6512968299712,0,275.01440922190204,8980.982708933718,2681.2766570605186
28976.461095100865,0,177.8328530259366,275.507204610951,-0.14697406340057637,755.6368876080692,1265.0115273775216,2923.979827089337,9860.42074927954,1882.729106628242,0,274.97982708933716,8859.42363112392,2701.0864553314123
29093.273775216137,0,177.9250720461095,275.57060518731987,-0.13256484149855907,756.043227665706,1359.2247838616715,2949.233429394813,9959.798270893372,1882.8876080691643,0,274.95389048991353,8734.276657060518,2723.492795389049
29206.64553314121,0,177.93371757925073,275.5821325648415,-0.13544668587896252,756.2190201729106,1443.7608069164264,2967.634005763689,10065.443804034581,1882.9020172910664,0,274.7780979827089,8619.919308357348,2742.608069164265
29318.9855907781,0,178.03746397694525,275.7463976945245,-0.13256484149855907,756.3976945244957,1531.4351585014408,3008.651296829971,10182.734870317003,1882.9337175792507,0,274.78386167146977,8468.688760806916,2759.7089337175794
29419.389048991354,0,177.89048991354466,275.8270893371758,-0.13544668587896252,756.864553314121,1645.0835734870318,3068.7463976945246,10278.175792507205,1882.9682997118155,0,274.8587896253602,8285.412103746397,2773.6974063400576
29486.913544668587,0,177.94812680115274,275.7492795389049,-0.1440922190201729,756.7723342939481,1830.7233429394812,3191.9596541786746,10345.086455331411,1883.014409221902,0,275.0115273775216,7966.42939481268,2784.363112391931
29360.50432276657,0,178.04322766570604,275.5619596541787,-0.16714697406340057,756.6772334293948,1980.3631123919308,3414.478386167147,10335.959654178674,1882.599423631124,0,275.72046109510086,7469.564841498559,2791.7031700288185
29352.85590778098,0,178.19308357348703,275.671469740634,-0.1440922190201729,756.6455331412104,2191.3602305475506,3553.619596541787,10329.35446685879,1882.7608069164264,0,276.6599423631124,7109.636887608069,2799.0979827089336
29407.824207492795,0,178.22190201729106,275.9020172910663,-0.1440922190201729,756.7550432276657,2372.9596541786746,3607.265129682997,10392.126801152737,1882.6974063400576,0,277.0749279538905,6854.380403458214,2810.585014409222
29476.371757925073,0,178.32276657060518,275.87031700288185,-0.1729106628242075,757.2593659942363,2474.5475504322767,3661.383285302594,10492.389048991354,1882.7377521613832,0,277.2536023054755,6654.948126801152,2821.8328530259364
29537.703170028817,0,178.31123919308357,275.86743515850145,-0.18155619596541786,757.342939481268,2580.521613832853,3693.0864553314123,10600.873198847263,1883.1239193083572,0,277.39481268011525,6459.798270893371,2831.564841498559
29592.763688760806,0,178.3371757925072,275.78386167146977,-0.1642651296829971,757.3458213256484,2668.878962536023,3718.3746397694526,10711.331412103746,1883.1757925072045,0,277.45533141210376,6281.132564841499,2841.1123919308357
29634.02305475504,0,178.21902017291066,275.9279538904899,-0.16714697406340057,757.4380403458214,2788.878962536023,3743.6628242074926,10822.665706051874,1883.2507204610952,0,277.4063400576369,6058.587896253603,2848.1527377521616
29677.688760806916,0,178.30835734870317,275.95389048991353,-0.1729106628242075,757.1700288184438,2873.792507204611,3764.5619596541787,10919.172910662825,1883.293948126801,0,277.4178674351585,5891.322766570605,2856.8674351585014
29679.687861271676,0,178.39306358381504,275.9364161849711,-0.17630057803468208,757.5086705202312,2943.843930635838,3779.809248554913,10989.803468208092,1882.3815028901734,0,277.45953757225436,5732.858381502891,2861.8699421965316
29711.465317919075,0,178.4508670520231,275.9364161849711,-0.17052023121387283,757.606936416185,3022.8381502890174,3797.4104046242774,11071.57225433526,1882.4104046242774,0,277.47687861271675,5575.867052023122,2872.066473988439
29732.08959537572,0,178.49132947976878,275.91907514450867,-0.17052023121387283,757.8236994219653,3106.973988439306,3816.078034682081,11132.64450867052,1882.3323699421965,0,277.46242774566474,5426.549132947976,2877.985549132948
29765.99423631124,0,178.55331412103746,275.9884726224784,-0.1988472622478386,757.9337175792507,3187.077809798271,3843.7608069164266,11194.610951008646,1883.386167146974,0,277.3631123919308,5281.582132564841,2885.936599423631
29701.14121037464,0,178.65706051873198,276.23631123919307,-0.1873198847262248,758.3631123919308,3135.037463976945,3869.3688760806917,11191.63112391931,1883.3112391930836,0,277.4409221902017,5234.553314121037,2896.729106628242
29688.530259365994,0,178.7550432276657,276.27665706051874,-0.18155619596541786,758.3890489913545,3197.590778097983,3896.801152737752,11197.164265129682,1883.3659942363113,0,277.7406340057637,5115.409221902018,2907.219020172911
29672.982708933716,0,178.78386167146974,276.3371757925072,-0.1844380403458213,758.3314121037464,3290.07204610951,3913,11221.887608069164,1883.371757925072,0,277.95389048991353,4958.544668587896,2914.8847262247837
29671.21613832853,0,178.94812680115274,276.31412103746396,-0.2017291066282421,758.7463976945245,3356.7175792507205,3928.1671469740636,11250.342939481268,1883.3746397694524,0,278.1556195965418,4839.06916426513,2921.5821325648417
29656.314121037463,0,179.04610951008647,276.21613832853023,-0.207492795389049,758.9971181556195,3410.4668587896253,3940.8904899135446,11275.386167146975,1883.5878962536024,0,278.1613832853026,4724.4409221902015,2929.328530259366
29639.05187319885,0,179.05763688760806,276.20172910662825,-0.21613832853025935,759.0374639769452,3464.420749279539,3949.2766570605186,11294.28242074928,1883.6829971181555,0,278.164265129683,4616.832853025937,2938.3112391930836
29604.5878962536,0,179.05187319884726,276.30547550432277,-0.2132564841498559,759.299711815562,3523.78386167147,3953.749279538905,11300.475504322767,1883.7492795389048,0,278.1469740634006,4502.028818443804,2948.2103746397693
29576.446685878964,0,179.0922190201729,276.24207492795387,-0.21037463976945245,759.5907780979827,3575.0951008645534,3956.8731988472623,11308.178674351586,1884,0,278.13832853025934,4405.158501440922,2954.2881844380404
29540.172910662823,0,179.02593659942363,276.3256484149856,-0.21613832853025935,759.8703170028818,3629.3054755043227,3954.492795389049,11317.593659942364,1884.0547550432277,0,278.13544668587895,4300.28530259366,2961.2997118155617
29502.21902017291,0,179,276.31700288184436,-0.207492795389049,759.8731988472623,3695.8731988472623,3951.4322766570604,11315.025936599424,1884.1383285302593,0,278.1095100864553,4193.708933717579,2968.9481268011527
29456.129682997118,0,179.01152737752162,276.2449567723343,-0.1930835734870317,759.8674351585014,3738.9394812680116,3950.4899135446685,11318.605187319885,1884.2449567723343,0,278.0720461095101,4091.795389048991,2979.0518731988473
29401.703170028817,0,178.9942363112392,276.19884726224785,-0.1786743515850144,759.7348703170029,3746.6311239193083,3947.386167146974,11314.731988472622,1884.1700288184438,0,277.87608069164264,4027.619596541787,2988.5389048991356
29358.314121037463,0,179.09798270893373,276.27953890489914,-0.1585014409221902,760,3635.6599423631123,3935.0518731988473,11246.216138328531,1884.2968299711815,0,277.7809798270893,4165.4899135446685,2998.599423631124
29326.64553314121,0,179.11815561959654,276.23919308357347,-0.1642651296829971,760.2132564841498,3629.3198847262247,3933.149855907781,11235.783861671469,1884.2391930835736,0,277.8587896253602,4143.417867435159,3007.4697406340056
29276.5878962536,0,179.04899135446686,276.2507204610951,-0.1729106628242075,760.4812680115274,3685.164265129683,3923.383285302594,11233.440922190202,1884.3025936599424,0,277.8472622478386,4042.809798270893,3014.0317002881843
29238.221902017292,0,179.04034582132564,276.1066282420749,-0.1873198847262248,760.5850144092219,3756.0403458213254,3913.3890489913547,11207.524495677233,1884.3342939481267,0,277.9193083573487,3963.769452449568,3019.7002881844383
29176.397694524494,0,179.0806916426513,275.87031700288185,-0.19020172910662825,761.014409221902,3810.3602305475506,3907.193083573487,11196.515850144093,1884.3890489913545,0,277.80403458213254,3858.5100864553315,3025.850144092219
29114.743515850143,0,179.0806916426513,275.9654178674352,-0.20461095100864554,761.2680115273776,3875.57060518732,3904.0749279538904,11190.564841498559,1884.4380403458213,0,277.72334293948126,3732.4755043227665,3033.78674351585
29040.2939481268,0,179.0028818443804,275.93659942363115,-0.20461095100864554,761.2449567723343,3927.164265129683,3899.043227665706,11150.743515850145,1884.4841498559078,0,277.68587896253604,3645.187319884726,3040.005763688761
28969.832853025935,0,178.9971181556196,276.0028818443804,-0.207492795389049,761.5158501440923,3984.5043227665706,3894.599423631124,11127.397694524496,1884.6397694524496,0,277.70893371757927,3539.994236311239,3044.6801152737753
28882.76657060519,0,179.0172910662824,276.1844380403458,-0.1988472622478386,761.6282420749279,4033.4178674351583,3889.2680115273774,11116.896253602305,1884.78674351585,0,277.71757925072046,3416.1037463976945,3047.9452449567725
28791.58959537572,0,179.13005780346822,275.9161849710983,-0.17630057803468208,761.7774566473988,4094.7947976878613,3884.9537572254335,11078.70520231214,1883.864161849711,0,277.6820809248555,3297.398843930636,3057.543352601156
28695.97976878613,0,179.15028901734104,275.9421965317919,-0.16184971098265896,762.0404624277456,4121.552023121388,3877.421965317919,11065.135838150289,1884,0,277.7543352601156,3192.621387283237,3060.523121387283
28610.93948126801,0,179.06916426512967,276.21325648414984,-0.16714697406340057,762.1815561959654,4117.602305475504,3849.492795389049,11060.821325648414,1885.0489913544668,0,277.7723342939481,3147.1613832853027,3055.743515850144
28647.296829971183,0,179.06628242074927,276.4207492795389,-0.1239193083573487,762.8818443804034,4063.3688760806917,3800.976945244957,10980.095100864553,1885.2564841498559,0,277.1700288184438,3366.1268011527377,3056.057636887608
28635.28242074928,0,178.97406340057637,275.97982708933716,-0.14985590778097982,762.8328530259366,4087.8674351585014,3782.821325648415,10967.841498559077,1885.2017291066281,0,276.24207492795387,3360.233429394813,3057.4380403458213
28546.688760806916,0,178.94236311239194,275.87031700288185,-0.15273775216138327,762.7752161383286,4137.8069164265125,3767.9164265129684,10967.42074927954,1885.4293948126801,0,275.8097982708934,3238.8703170028816,3056
28481.043227665705,0,179.10374639769452,275.87031700288185,-0.15561959654178675,762.850144092219,4221.5994236311235,3749.149855907781,10932.922190201729,1885.4495677233429,0,275.7435158501441,3143.6397694524494,3054.8703170028816
28376.020172910663,0,179.02593659942363,275.8933717579251,-0.14697406340057637,763.014409221902,4294.161383285303,3736.0979827089336,10913.959654178674,1885.6195965417867,0,275.53890489913545,2998.3342939481267,3054.521613832853
28268.394812680115,0,179.0172910662824,276.05475504322766,-0.16138328530259366,763.0951008645533,4370.631123919308,3728.00288184438,10896.899135446685,1885.8559077809798,0,275.4178674351585,2840.1815561959656,3053.400576368876
28154.13544668588,0,179.01152737752162,276.55043227665703,-0.16138328530259366,763.1383285302594,4430.720461095101,3721.314121037464,10844.227665706052,1885.9740634005764,0,275.342939481268,2727.0461095100864,3050.971181556196
28034.602305475506,0,178.96829971181558,276.4438040345821,-0.17002881844380405,763.2737752161383,4504.550432276657,3711.4812680115274,10804.63112391931,1886.0749279538904,0,275.4121037463977,2586.351585014409,3047.585014409222
27903.659942363112,0,178.94236311239194,276.1556195965418,-0.16714697406340057,763.2766570605187,4579.198847262248,3699.383285302594,10783.890489913545,1886.21325648415,0,275.3688760806916,2415.397694524496,3046
27764.00864553314,0,178.97118155619597,275.8097982708934,-0.138328530259366,763.3659942363113,4657.118155619596,3689.057636887608,10736.095100864553,1886.4610951008644,0,275.4322766570605,2257.1268011527377,3044.7089337175794
27622.305475504323,0,178.9077809798271,274.4985590778098,-0.11815561959654179,763.4438040345822,4729.622478386167,3673.792507204611,10697.023054755044,1886.6512968299712,0,275.5043227665706,2099.1066282420747,3043.8731988472623
27467.449567723343,0,178.82132564841498,272.21037463976944,-0.09798270893371758,763.7723342939481,4759.677233429395,3632.9394812680116,10658.233429394813,1886.7953890489914,0,275.4899135446686,1996.835734870317,3042.772334293948
27320.167146974065,0,178.85590778097983,269.36023054755043,-0.06628242074927954,763.8155619596541,4655.461095100864,3549.1268011527377,10556.766570605187,1886.3515850144092,0,274.2939481268011,2143.9048991354466,3042.2968299711815
27183.553314121036,0,178.88184438040346,267.5619596541787,-0.08645533141210375,763.8242074927954,4667.42939481268,3511.628242074928,10522.910662824208,1886.507204610951,0,270.21037463976944,2073.864553314121,3040.821325648415
27035.71181556196,0,178.9077809798271,266.6340057636888,-0.09510086455331412,764.1671469740634,4725.8760806916425,3489.4956772334294,10493.13544668588,1886.463976945245,0,269.0403458213257,1922.2766570605188,3039.809798270893
26891.91930835735,0,178.96829971181558,265.97406340057637,-0.09798270893371758,764.3890489913545,4831.654178674352,3468.965417867435,10426.85878962536,1886.671469740634,0,268.72910662824205,1762.4265129682997,3037.380403458213
26744.42939481268,0,178.85878962536023,265.6657060518732,-0.11527377521613832,764.7031700288185,4936.536023054755,3450.763688760807,10378.976945244956,1887.3371757925072,0,268.4005763688761,1578.593659942363,3034.7089337175794
26592.273775216137,0,178.84726224783861,265.2968299711816,-0.13544668587896252,765.1210374639769,5021.890489913545,3437.608069164265,10344.28242074928,1887.5389048991356,0,268.1729106628242,1391.4293948126801,3032.221902017291
26433.64553314121,0,178.77521613832852,265.1008645533141,-0.1440922190201729,765.3832853025937,5082.07204610951,3426.628242074928,10285.42363112392,1887.6253602305476,0,268.1440922190202,1245.3659942363113,3029.270893371758
26281.51873198847,0,178.7377521613833,264.90489913544667,-0.1440922190201729,765.6224783861671,5145.757925072046,3415.3400576368877,10240.512968299712,1887.8501440922191,0,268.13256484149855,1087.6829971181555,3027.121037463977
26127.043227665705,0,178.81268011527376,264.9913544668588,-0.11815561959654179,765.8414985590778,5202.590778097982,3401.4668587896253,10199.443804034581,1887.7608069164264,0,268.11815561959656,935.463976945245,3022.671469740634
25977.011527377523,0,178.79250720461096,264.8242074927954,-0.138328530259366,766.0979827089337,5255.100864553314,3389.5619596541787,10134.953890489913,1887.9164265129682,0,268.1412103746398,811.2708933717579,3020.4899135446685
25826.971181556197,0,178.71757925072046,264.0778097982709,-0.1239193083573487,766.207492795389,5283.164265129683,3372.233429394813,10081.244956772334,1887.9971181556195,0,268.1902017291066,704.6484149855908,3020.613832853026
25658.14121037464,0,178.69164265129683,263.31700288184436,-0.10086455331412104,766.3458213256484,5241.227665706052,3331.57060518732,10032.71757925072,1888.0951008645534,0,268.09510086455333,668.7291066282421,3019.4524495677233
25525.70893371758,0,178.73487031700287,262.2680115273775,-0.07492795389048991,766.3631123919308,5092.066282420749,3270.850144092219,9952.953890489913,1888.1556195965418,0,267.8155619596542,827.3054755043228,3019.270893371758
25404.06628242075,0,178.76657060518733,261.12968299711815,-0.10086455331412104,766.5878962536023,5065.936599423631,3241.170028818444,9907.268011527378,1888.1902017291065,0,265.8530259365994,814.2334293948127,3015.0317002881843
25261.146974063402,0,178.68876080691643,260.71469740634006,-0.11527377521613832,766.8731988472623,5068.746397694525,3222.850144092219,9880.089337175792,1888.1959654178675,0,265.1123919308357,717.6109510086455,3012.380403458213
25124.132564841497,0,178.671469740634,260.5677233429395,-0.12680115273775217,767.1095100864553,5116.57060518732,3203.414985590778,9830.685878962537,1888.198847262248,0,264.78962536023056,604.3400576368877,3009.9106628242075
24988.35734870317,0,178.6628242074928,260.57060518731987,-0.12968299711815562,767.5187319884726,5199.613832853026,3186.991354466859,9793.71469740634,1888.1700288184438,0,264.4812680115274,442.5965417867435,3006.1671469740636
24848.155619596542,0,178.70605187319885,260.61671469740634,-0.1239193083573487,767.64265129683,5256.919308357349,3172.7089337175794,9769.077809798271,1888.164265129683,0,264.21037463976944,288.02593659942363,3002.207492795389
24702.94812680115,0,178.65417867435158,260.76080691642653,-0.14697406340057637,767.7089337175793,5292.639769452449,3163.423631123919,9731.731988472622,1888.106628242075,0,264.1066282420749,160.53025936599423,2995.4322766570604
24565.763688760806,0,178.7608069164265,260.6772334293948,-0.12968299711815562,767.7204610951009,5328.585014409222,3155.1383285302595,9704.835734870318,1888.0749279538904,0,264.05763688760806,31.798270893371757,2986.2449567723343
24438.91930835735,0,178.85878962536023,260.8242074927954,-0.11815561959654179,767.7463976945245,5361.841498559078,3152.023054755043,9683,1888.0835734870318,0,263.9913544668588,-94.79827089337176,2977.4668587896253
24309.527377521616,0,178.88184438040346,260.95100864553314,-0.12680115273775217,767.6772334293948,5387.244956772334,3146.4322766570604,9641.680115273775,1887.985590778098,0,264,-196.2507204610951,2971.0518731988473
24160.65889212828,0,179.00874635568513,260.5160349854227,-0.09912536443148688,767.5276967930029,5396.413994169096,3135.3731778425654,9588.189504373178,1887.0320699708454,0,264.1661807580175,-281.74927113702626,2964.2798833819243
